user_id,video_id,watch_time_seconds,event_timestamp
1,10,476,2024-03-19
1,3,567,2024-03-11
1,9,131,2024-02-25
1,3,21,2024-02-29
1,7,18,2024-02-24
1,9,316,2024-03-05
1,2,346,2024-03-12
1,2,340,2024-03-19
1,7,172,2024-03-20
1,8,35,2024-03-05
1,1,562,2024-02-28
1,4,2,2024-03-21
1,6,566,2024-03-01
1,8,462,2024-05-13
1,9,296,2024-05-11
1,2,53,2024-05-14
1,10,217,2024-05-18
1,9,157,2024-05-05
1,1,521,2024-05-14
1,1,472,2024-05-01
1,3,593,2024-04-28
1,3,419,2024-04-21
1,5,490,2024-04-27
1,10,41,2024-05-18
1,7,72,2024-05-02
1,2,33,2024-05-06
1,8,547,2024-05-21
1,3,462,2024-05-23
1,1,5,2024-06-15
1,7,142,2024-05-27
1,9,207,2024-06-04
1,10,554,2024-06-17
1,3,575,2024-05-27
1,1,564,2024-06-18
1,4,485,2024-06-12
1,7,143,2024-05-31
1,4,525,2024-05-27
1,3,86,2024-06-17
1,2,557,2024-06-19
1,9,28,2024-06-01
1,4,331,2024-06-15
1,9,231,2024-07-20
1,1,385,2024-07-15
1,9,259,2024-06-27
1,6,456,2024-07-17
1,9,318,2024-06-25
1,1,234,2024-07-02
1,8,374,2024-07-14
1,9,113,2024-07-20
1,1,442,2024-07-10
1,7,130,2024-06-23
1,1,81,2024-07-17
1,1,2,2024-06-22
1,6,225,2024-06-21
1,3,130,2024-07-11
1,10,416,2024-07-13
2,6,511,2024-05-17
2,1,201,2024-05-29
2,6,464,2024-05-30
2,3,403,2024-05-27
2,3,511,2024-05-20
2,4,489,2024-05-02
2,8,551,2024-05-19
2,8,473,2024-05-19
2,7,159,2024-05-31
2,10,263,2024-05-29
2,10,572,2024-05-18
2,2,304,2024-05-31
2,5,37,2024-05-28
2,7,9,2024-05-10
2,3,208,2024-05-04
2,4,152,2024-05-23
2,8,587,2024-05-18
2,8,420,2024-05-07
2,8,254,2024-05-04
2,9,99,2024-05-26
2,2,163,2024-06-17
2,8,392,2024-07-08
2,3,401,2024-07-02
2,3,470,2024-07-24
2,6,38,2024-07-07
2,6,283,2024-08-28
2,2,277,2024-08-31
2,1,284,2024-08-16
2,3,516,2024-09-04
2,1,512,2024-09-18
2,5,518,2024-09-04
2,9,37,2024-09-25
2,1,302,2024-09-22
2,1,116,2024-10-30
2,5,161,2024-10-04
3,8,288,2024-02-08
3,6,155,2024-02-03
3,2,104,2024-01-25
3,9,246,2024-02-09
3,7,170,2024-02-16
3,10,408,2024-02-06
3,10,36,2024-02-06
3,4,321,2024-02-01
3,3,471,2024-02-08
3,2,51,2024-02-18
3,10,575,2024-02-23
3,6,314,2024-02-19
3,6,305,2024-02-13
3,10,54,2024-02-04
3,5,264,2024-02-14
3,5,103,2024-01-28
3,6,350,2024-02-08
3,3,269,2024-02-11
3,10,120,2024-02-12
3,10,346,2024-01-29
3,10,117,2024-02-23
3,7,127,2024-02-02
3,5,58,2024-02-19
3,1,96,2024-02-23
3,9,488,2024-03-08
3,5,272,2024-03-24
3,7,69,2024-03-17
3,7,76,2024-03-21
3,3,86,2024-03-20
3,5,47,2024-03-12
3,4,453,2024-03-07
3,10,474,2024-03-11
3,5,551,2024-02-28
3,1,254,2024-03-25
3,5,23,2024-03-21
3,10,442,2024-03-25
3,8,325,2024-04-06
3,4,16,2024-04-17
3,7,2,2024-04-10
3,4,380,2024-04-25
3,1,427,2024-04-29
3,3,577,2024-04-25
3,8,43,2024-05-06
3,2,253,2024-05-13
3,2,35,2024-05-17
3,1,90,2024-05-02
3,10,418,2024-05-13
3,9,196,2024-05-20
3,5,493,2024-05-05
3,8,420,2024-05-19
3,5,394,2024-04-29
3,9,192,2024-04-27
3,1,99,2024-05-10
3,4,96,2024-05-18
3,7,190,2024-04-29
3,1,525,2024-05-17
3,9,273,2024-05-11
3,4,342,2024-05-07
3,4,506,2024-06-08
3,5,69,2024-05-27
3,9,469,2024-05-28
3,5,151,2024-06-09
3,9,39,2024-06-06
3,5,42,2024-06-19
3,7,142,2024-06-19
3,5,163,2024-06-16
3,2,588,2024-06-02
3,10,492,2024-06-10
3,6,519,2024-06-07
3,8,170,2024-06-02
3,2,194,2024-05-29
3,5,422,2024-06-12
3,8,496,2024-06-06
3,1,342,2024-06-13
3,1,511,2024-05-31
3,9,301,2024-05-28
3,4,70,2024-06-21
3,3,445,2024-06-05
3,6,167,2024-06-20
3,10,531,2024-05-31
3,3,173,2024-06-06
3,2,220,2024-06-23
3,10,476,2024-06-01
3,9,1,2024-05-27
3,9,191,2024-06-21
3,1,409,2024-06-17
3,1,117,2024-05-30
3,10,556,2024-06-06
3,5,80,2024-06-15
3,5,203,2024-06-21
3,5,227,2024-06-12
3,4,441,2024-06-11
3,9,305,2024-06-07
3,1,373,2024-06-15
3,6,259,2024-06-09
3,7,185,2024-06-04
3,10,358,2024-06-05
3,8,373,2024-06-01
3,10,348,2024-05-28
3,10,316,2024-06-11
3,5,41,2024-05-28
3,6,145,2024-07-03
3,1,461,2024-07-22
3,3,253,2024-06-30
3,2,256,2024-06-29
3,9,450,2024-07-04
3,8,242,2024-07-21
3,5,119,2024-07-18
3,1,374,2024-06-25
3,2,224,2024-07-09
3,1,282,2024-07-19
3,6,461,2024-06-25
3,2,105,2024-06-27
3,1,405,2024-07-10
3,7,6,2024-07-22
3,1,437,2024-07-17
3,5,565,2024-06-29
3,10,458,2024-07-13
3,1,85,2024-07-08
3,9,1,2024-07-13
3,4,446,2024-06-25
3,1,488,2024-06-26
3,8,551,2024-07-20
3,10,438,2024-07-16
3,3,306,2024-07-06
3,1,54,2024-07-06
3,5,401,2024-07-10
3,7,85,2024-07-08
3,2,75,2024-07-13
3,7,166,2024-07-22
3,2,306,2024-06-26
3,2,335,2024-07-21
3,3,447,2024-06-26
3,4,249,2024-06-30
3,1,335,2024-07-22
4,1,330,2024-05-01
4,4,69,2024-04-16
4,6,53,2024-04-16
4,3,111,2024-05-09
4,7,183,2024-04-30
4,6,520,2024-04-18
4,8,281,2024-04-17
4,3,93,2024-05-02
4,10,51,2024-05-03
4,5,5,2024-05-02
4,10,534,2024-05-05
4,5,233,2024-05-26
4,10,46,2024-05-16
4,1,78,2024-06-09
4,9,249,2024-05-29
4,9,214,2024-05-29
4,8,350,2024-05-25
4,1,26,2024-05-18
4,1,8,2024-05-31
4,3,253,2024-06-03
4,8,526,2024-06-09
4,7,78,2024-06-07
4,2,365,2024-06-09
4,8,7,2024-05-17
4,7,107,2024-05-29
4,2,506,2024-05-20
4,3,15,2024-06-08
4,7,28,2024-05-24
4,7,185,2024-05-31
4,7,86,2024-06-09
4,9,145,2024-05-27
4,4,25,2024-05-18
4,10,67,2024-05-23
4,2,369,2024-06-26
4,3,554,2024-06-23
4,5,518,2024-07-04
4,10,320,2024-06-16
4,8,315,2024-06-27
4,6,377,2024-06-15
4,5,277,2024-06-20
4,6,503,2024-06-30
4,4,350,2024-06-25
4,8,137,2024-07-07
4,3,243,2024-06-22
4,5,548,2024-07-08
4,6,322,2024-07-04
4,4,118,2024-07-31
4,8,574,2024-08-08
4,2,392,2024-08-09
4,3,173,2024-07-26
4,5,326,2024-08-09
4,6,225,2024-08-03
4,1,140,2024-07-29
4,1,90,2024-07-28
4,6,139,2024-07-18
4,3,10,2024-07-19
4,7,138,2024-07-26
4,2,13,2024-07-22
4,2,596,2024-07-15
4,5,329,2024-07-31
4,9,550,2024-08-06
4,3,95,2024-07-31
4,5,318,2024-08-11
4,2,334,2024-08-04
4,8,459,2024-07-23
4,2,588,2024-07-17
4,3,513,2024-07-22
4,6,572,2024-08-12
4,3,165,2024-08-19
4,3,379,2024-08-28
4,10,574,2024-08-18
4,9,42,2024-09-08
4,2,296,2024-08-22
4,7,104,2024-08-28
4,3,422,2024-08-15
4,7,63,2024-08-29
4,1,145,2024-08-15
4,2,104,2024-10-03
4,7,179,2024-09-20
4,6,579,2024-09-21
4,3,554,2024-10-04
4,1,478,2024-09-21
4,4,157,2024-09-20
4,9,97,2024-10-13
4,5,411,2024-10-07
4,1,254,2024-09-18
4,6,522,2024-09-19
4,10,118,2024-09-20
4,4,216,2024-10-04
4,8,15,2024-10-13
4,8,261,2024-10-13
4,4,130,2024-10-11
4,3,292,2024-10-10
5,8,23,2024-03-23
5,10,302,2024-03-19
5,10,141,2024-03-16
5,2,460,2024-03-20
5,4,324,2024-03-13
5,8,127,2024-03-18
5,1,378,2024-03-17
5,6,51,2024-04-06
5,8,297,2024-03-30
5,7,1,2024-03-22
5,5,405,2024-04-03
5,4,182,2024-03-31
5,9,1,2024-03-30
5,7,115,2024-03-16
5,5,431,2024-03-17
5,5,137,2024-03-18
5,4,313,2024-03-29
5,10,575,2024-03-28
5,9,75,2024-03-14
5,2,210,2024-04-04
5,2,347,2024-03-25
5,3,182,2024-04-01
5,9,180,2024-03-14
5,5,161,2024-03-25
5,6,156,2024-03-26
5,5,49,2024-03-15
5,1,84,2024-03-17
5,1,148,2024-03-30
5,6,476,2024-04-06
5,8,561,2024-03-15
5,1,141,2024-04-07
5,7,179,2024-04-04
5,8,318,2024-04-07
5,1,429,2024-04-06
5,8,19,2024-03-26
5,1,590,2024-03-27
5,2,194,2024-03-30
5,1,114,2024-04-07
5,6,264,2024-04-06
5,7,103,2024-03-11
5,10,162,2024-05-06
5,1,87,2024-05-01
5,2,391,2024-05-07
5,8,313,2024-05-01
5,3,443,2024-05-07
5,8,54,2024-05-03
5,5,579,2024-04-27
5,1,264,2024-04-10
5,3,96,2024-05-02
5,8,491,2024-04-24
5,4,500,2024-04-13
5,6,469,2024-04-22
5,7,176,2024-04-26
5,7,74,2024-04-15
5,1,151,2024-04-29
5,3,381,2024-04-27
5,4,285,2024-05-06
5,10,386,2024-05-11
5,7,119,2024-05-20
5,4,261,2024-05-13
5,6,256,2024-06-07
5,9,226,2024-05-29
5,3,500,2024-06-03
5,6,364,2024-06-01
5,1,158,2024-06-01
5,7,128,2024-05-25
5,2,115,2024-05-25
5,9,552,2024-05-10
5,9,359,2024-05-17
5,6,278,2024-05-19
5,10,442,2024-07-07
5,2,75,2024-06-14
5,2,128,2024-06-29
5,10,356,2024-06-17
5,6,34,2024-06-25
5,5,153,2024-06-14
5,10,588,2024-07-01
5,5,342,2024-06-29
5,9,287,2024-06-14
5,8,268,2024-06-21
5,9,455,2024-06-18
5,1,476,2024-07-08
5,10,558,2024-06-10
5,6,363,2024-06-09
5,3,292,2024-06-27
5,10,29,2024-06-29
5,8,11,2024-06-12
5,2,55,2024-07-23
5,8,406,2024-07-13
5,8,289,2024-08-03
5,4,148,2024-07-27
5,3,244,2024-07-19
5,1,507,2024-07-21
5,2,201,2024-08-03
5,2,501,2024-07-17
5,9,296,2024-07-25
5,1,217,2024-08-06
5,8,42,2024-08-02
5,7,35,2024-07-11
5,2,229,2024-07-20
5,3,478,2024-07-14
5,2,524,2024-07-27
5,5,44,2024-08-04
5,1,330,2024-09-02
5,7,47,2024-08-20
5,8,339,2024-08-16
5,5,81,2024-08-31
6,10,47,2024-02-03
6,7,145,2024-02-16
6,10,86,2024-02-19
6,7,14,2024-02-08
6,5,519,2024-02-02
6,3,498,2024-02-20
6,7,82,2024-02-23
6,4,402,2024-02-20
6,10,273,2024-02-07
6,8,188,2024-02-06
6,2,131,2024-01-29
6,8,183,2024-02-16
6,7,15,2024-02-17
6,1,516,2024-02-22
6,6,397,2024-02-11
6,1,16,2024-02-06
6,10,108,2024-02-23
6,2,311,2024-01-27
6,10,546,2024-02-23
6,7,13,2024-02-06
6,2,416,2024-01-27
6,7,46,2024-02-13
6,1,477,2024-02-23
6,5,272,2024-02-17
6,9,266,2024-02-23
6,9,359,2024-02-13
6,5,577,2024-02-23
6,1,3,2024-02-06
6,8,324,2024-02-11
6,5,432,2024-01-25
6,5,585,2024-02-08
6,1,344,2024-01-28
6,10,61,2024-01-29
6,6,440,2024-02-07
6,8,11,2024-02-23
6,2,153,2024-01-31
6,4,571,2024-02-01
6,4,575,2024-02-15
6,5,243,2024-02-06
6,10,107,2024-01-26
6,9,218,2024-02-02
6,1,506,2024-01-27
6,8,517,2024-01-29
6,6,47,2024-02-16
6,1,521,2024-01-27
6,4,573,2024-02-20
6,10,419,2024-02-11
6,2,62,2024-02-10
6,8,3,2024-01-27
6,6,120,2024-02-22
6,9,329,2024-01-28
6,5,267,2024-02-02
6,8,323,2024-02-20
6,9,195,2024-02-18
6,2,332,2024-02-03
6,9,463,2024-02-01
6,9,261,2024-02-04
6,2,124,2024-02-08
6,6,328,2024-02-20
6,5,176,2024-02-19
6,2,454,2024-01-29
6,5,593,2024-02-11
6,8,301,2024-02-23
6,3,323,2024-02-17
6,8,40,2024-02-20
6,1,262,2024-02-17
6,3,336,2024-02-01
6,1,571,2024-02-20
6,9,363,2024-02-06
6,9,170,2024-01-28
6,6,7,2024-02-29
6,10,31,2024-03-18
6,10,394,2024-03-06
6,5,551,2024-03-13
6,4,258,2024-03-09
6,7,13,2024-03-09
6,1,233,2024-03-12
6,8,223,2024-02-26
6,8,365,2024-02-27
6,6,467,2024-03-25
6,7,74,2024-03-04
6,2,412,2024-03-23
6,5,278,2024-02-28
6,4,484,2024-03-13
6,4,192,2024-03-12
6,6,401,2024-03-05
6,6,22,2024-03-21
6,8,210,2024-03-13
6,4,227,2024-03-15
6,7,29,2024-03-06
6,1,79,2024-03-14
6,10,538,2024-02-26
6,2,285,2024-02-28
6,1,99,2024-03-08
6,9,39,2024-03-10
6,7,29,2024-03-24
6,4,130,2024-03-10
6,4,22,2024-03-06
6,3,382,2024-03-07
6,8,21,2024-03-10
6,5,84,2024-03-01
6,3,453,2024-02-27
6,1,570,2024-03-23
6,6,527,2024-02-26
6,3,524,2024-03-13
6,8,60,2024-03-09
6,9,309,2024-03-03
6,2,199,2024-02-27
6,5,536,2024-03-23
6,10,558,2024-03-10
6,9,206,2024-03-02
6,1,236,2024-03-15
6,4,521,2024-03-01
6,9,501,2024-03-16
6,2,344,2024-03-03
6,1,72,2024-03-16
6,2,320,2024-03-13
6,6,544,2024-03-06
6,9,102,2024-03-04
6,8,214,2024-03-14
6,8,553,2024-03-12
6,9,46,2024-03-10
6,6,86,2024-03-23
6,4,242,2024-03-23
6,1,2,2024-02-25
6,1,589,2024-03-15
6,10,103,2024-02-26
6,6,90,2024-03-09
6,10,143,2024-02-26
6,10,428,2024-03-12
6,8,317,2024-02-27
6,6,9,2024-03-01
6,9,359,2024-03-04
6,2,264,2024-03-03
6,2,318,2024-03-15
6,7,84,2024-03-11
6,4,390,2024-03-21
6,6,410,2024-02-27
6,9,14,2024-03-06
6,2,12,2024-03-18
6,9,301,2024-03-14
6,10,147,2024-03-18
6,4,309,2024-03-18
6,3,594,2024-03-01
6,2,549,2024-03-19
6,9,59,2024-02-27
6,10,35,2024-03-24
6,6,207,2024-02-25
6,7,76,2024-03-12
6,5,159,2024-03-21
6,8,404,2024-02-29
6,4,364,2024-03-25
6,4,152,2024-03-13
6,1,420,2024-03-21
6,5,512,2024-02-28
6,2,335,2024-02-26
6,3,237,2024-04-11
6,8,21,2024-04-08
6,1,520,2024-03-28
6,7,42,2024-04-05
6,2,375,2024-03-29
6,5,553,2024-04-23
6,6,381,2024-04-08
6,8,231,2024-04-18
6,4,130,2024-03-31
6,6,145,2024-04-20
6,9,28,2024-03-26
6,3,229,2024-03-29
6,1,424,2024-04-05
6,8,301,2024-04-16
6,10,270,2024-04-09
6,10,361,2024-03-25
6,5,276,2024-04-01
6,1,313,2024-04-15
6,4,284,2024-04-18
6,5,204,2024-03-29
6,1,497,2024-04-17
6,8,156,2024-04-08
6,6,251,2024-04-22
6,4,334,2024-03-26
6,9,511,2024-03-29
6,4,282,2024-04-22
6,1,119,2024-03-27
6,6,485,2024-04-14
6,5,161,2024-04-10
6,3,206,2024-04-05
6,10,276,2024-04-14
6,2,216,2024-04-20
6,2,217,2024-04-11
6,9,39,2024-04-17
6,2,428,2024-03-30
6,4,151,2024-04-23
6,4,336,2024-04-11
6,10,375,2024-04-01
6,2,341,2024-03-25
6,7,8,2024-04-22
6,6,517,2024-04-08
6,6,175,2024-03-26
6,1,311,2024-04-16
6,10,427,2024-04-03
6,2,145,2024-04-19
6,8,588,2024-05-21
6,8,345,2024-05-08
6,4,1,2024-05-13
6,5,304,2024-04-29
6,9,220,2024-04-26
6,2,575,2024-05-03
6,1,89,2024-05-10
6,9,589,2024-05-03
6,4,381,2024-04-30
6,4,19,2024-04-30
6,2,594,2024-05-07
6,9,279,2024-05-13
6,1,344,2024-05-24
6,6,455,2024-05-19
6,5,65,2024-05-06
6,10,143,2024-05-15
6,3,473,2024-04-25
6,1,497,2024-04-27
6,6,267,2024-04-27
6,8,3,2024-05-15
6,10,328,2024-05-10
6,2,454,2024-05-22
6,5,221,2024-05-20
6,9,12,2024-04-29
6,2,304,2024-04-29
6,2,364,2024-07-21
6,5,407,2024-07-05
6,7,80,2024-07-09
6,5,124,2024-07-09
6,9,51,2024-07-09
6,4,141,2024-07-16
6,3,334,2024-07-23
6,4,373,2024-07-14
6,3,144,2024-07-04
6,4,2,2024-07-11
6,4,90,2024-07-19
6,7,95,2024-07-06
6,10,39,2024-07-07
6,7,56,2024-07-11
6,10,445,2024-07-04
6,8,36,2024-07-14
6,4,385,2024-07-06
6,8,362,2024-07-09
6,7,150,2024-07-16
6,5,220,2024-07-03
6,10,521,2024-07-09
6,10,378,2024-07-19
6,10,584,2024-07-18
6,1,154,2024-07-21
6,5,580,2024-07-12
6,8,531,2024-06-28
6,7,89,2024-07-12
6,3,439,2024-07-12
6,5,561,2024-06-27
7,7,160,2024-05-08
7,10,590,2024-05-10
7,9,254,2024-05-22
7,2,320,2024-04-30
7,7,85,2024-05-15
7,3,554,2024-05-19
7,7,169,2024-05-14
7,7,24,2024-05-25
7,3,580,2024-05-23
7,6,554,2024-05-04
7,4,353,2024-05-01
7,3,73,2024-05-05
7,1,70,2024-05-06
7,7,13,2024-05-14
7,2,517,2024-05-09
7,5,230,2024-05-05
7,2,67,2024-05-19
7,10,259,2024-05-19
7,6,130,2024-05-20
7,2,209,2024-04-30
7,2,471,2024-05-27
7,4,264,2024-05-19
7,10,548,2024-05-02
7,9,311,2024-05-13
7,10,446,2024-05-27
7,1,400,2024-06-08
7,8,515,2024-06-12
7,7,92,2024-06-15
7,8,517,2024-06-16
7,8,248,2024-06-08
7,1,286,2024-06-17
7,4,406,2024-06-14
7,6,500,2024-06-29
7,4,481,2024-07-20
7,2,578,2024-07-06
7,5,449,2024-07-08
7,3,180,2024-07-27
7,7,154,2024-07-01
7,2,311,2024-07-03
7,3,406,2024-07-08
7,6,316,2024-07-02
7,1,42,2024-08-02
7,2,429,2024-07-30
7,8,462,2024-08-02
7,3,7,2024-08-16
7,9,399,2024-08-17
7,3,578,2024-08-23
7,2,466,2024-08-10
7,4,266,2024-08-21
7,2,253,2024-08-18
7,1,164,2024-08-10
7,1,110,2024-08-12
7,6,238,2024-08-25
7,5,537,2024-09-11
7,4,173,2024-09-24
7,4,447,2024-09-02
7,2,60,2024-09-19
7,3,517,2024-10-16
7,2,345,2024-09-29
7,2,253,2024-10-21
7,9,83,2024-10-06
7,3,149,2024-10-06
7,3,263,2024-10-13
7,1,260,2024-10-01
7,7,40,2024-10-14
7,5,359,2024-10-25
8,4,574,2024-03-20
8,3,519,2024-03-18
8,6,526,2024-02-27
8,5,598,2024-02-25
8,7,130,2024-03-21
8,5,246,2024-02-26
8,5,471,2024-03-17
8,8,423,2024-02-25
8,1,13,2024-03-12
8,10,242,2024-03-04
8,5,338,2024-02-25
8,4,465,2024-02-23
8,1,395,2024-03-12
8,4,183,2024-03-12
8,4,546,2024-04-09
8,2,227,2024-03-29
8,4,422,2024-03-30
8,5,554,2024-04-02
8,1,105,2024-04-06
8,8,393,2024-03-29
8,1,130,2024-04-17
8,1,10,2024-04-07
8,7,34,2024-04-28
8,6,200,2024-05-07
8,1,173,2024-05-09
8,5,416,2024-05-02
8,1,87,2024-04-25
8,8,200,2024-05-15
8,7,43,2024-04-21
8,3,408,2024-04-23
8,8,17,2024-04-25
8,8,366,2024-05-24
8,4,399,2024-06-08
8,7,28,2024-06-08
8,10,261,2024-05-25
8,6,352,2024-05-28
8,10,550,2024-06-04
8,1,223,2024-05-28
8,8,329,2024-05-22
8,2,561,2024-05-24
8,4,590,2024-05-29
8,9,217,2024-06-15
8,7,190,2024-06-07
8,10,149,2024-05-24
8,8,374,2024-06-02
8,2,523,2024-06-30
8,1,402,2024-07-13
8,9,488,2024-07-17
8,10,414,2024-07-10
8,5,172,2024-07-09
8,1,122,2024-07-20
8,7,39,2024-07-07
8,9,530,2024-07-11
8,5,302,2024-06-28
8,7,151,2024-07-02
8,6,235,2024-07-15
8,6,466,2024-06-22
8,5,463,2024-07-10
8,3,407,2024-08-13
8,6,421,2024-08-18
8,1,515,2024-08-11
8,3,23,2024-08-18
8,7,108,2024-08-04
8,9,128,2024-07-25
8,8,362,2024-08-15
8,8,129,2024-08-01
8,5,515,2024-07-21
8,4,104,2024-07-23
8,10,491,2024-08-14
8,10,405,2024-08-03
8,7,155,2024-07-22
8,9,112,2024-08-02
8,9,500,2024-07-24
8,6,234,2024-08-15
8,10,566,2024-08-01
8,1,14,2024-08-14
8,2,437,2024-08-14
8,4,587,2024-08-05
8,3,70,2024-08-13
8,3,101,2024-08-15
8,4,381,2024-07-24
8,4,536,2024-08-11
8,3,154,2024-07-25
8,6,469,2024-08-11
8,8,405,2024-07-30
8,6,188,2024-08-14
8,4,273,2024-08-12
8,7,4,2024-08-18
8,3,336,2024-08-15
8,7,132,2024-08-13
8,8,162,2024-08-19
8,2,159,2024-08-17
8,3,319,2024-08-03
8,3,406,2024-08-13
8,10,117,2024-07-24
8,3,432,2024-08-02
9,9,118,2024-05-04
9,1,401,2024-04-27
9,4,47,2024-05-18
9,6,559,2024-05-05
9,7,137,2024-05-17
9,5,505,2024-05-11
9,10,50,2024-04-24
9,1,254,2024-05-13
9,6,563,2024-05-12
9,3,426,2024-04-24
9,10,581,2024-05-20
9,5,49,2024-05-12
9,10,261,2024-04-25
9,6,260,2024-05-21
9,2,313,2024-05-25
9,6,182,2024-06-04
9,9,543,2024-06-10
9,8,548,2024-06-11
9,8,414,2024-06-12
9,7,163,2024-06-13
9,8,400,2024-06-12
9,10,205,2024-05-27
9,9,228,2024-06-14
9,4,250,2024-06-01
9,9,533,2024-05-25
9,2,519,2024-05-27
9,2,203,2024-06-10
9,8,199,2024-06-11
9,10,492,2024-06-14
9,9,165,2024-06-16
9,5,82,2024-05-26
9,3,599,2024-06-16
9,5,384,2024-07-03
9,9,445,2024-06-30
9,5,490,2024-08-15
9,7,86,2024-08-13
9,1,593,2024-08-14
9,9,423,2024-09-12
9,1,529,2024-08-23
9,6,494,2024-08-27
9,2,577,2024-08-31
9,5,517,2024-08-23
9,6,112,2024-09-15
9,2,98,2024-09-06
9,3,86,2024-09-02
9,8,294,2024-10-19
9,10,243,2024-10-08
9,7,21,2024-10-11
9,10,383,2024-09-25
9,4,214,2024-10-06
9,8,213,2024-10-06
9,6,381,2024-09-30
9,8,58,2024-10-19
9,10,447,2024-09-23
10,7,180,2024-06-01
10,9,379,2024-05-27
10,3,307,2024-05-20
10,8,268,2024-05-19
10,8,508,2024-06-06
10,9,164,2024-05-14
10,5,72,2024-06-01
10,9,559,2024-05-24
10,8,210,2024-05-19
10,4,454,2024-05-21
10,2,387,2024-05-22
10,3,283,2024-05-27
10,8,486,2024-05-10
10,1,520,2024-05-14
10,5,260,2024-06-08
10,6,366,2024-05-31
10,3,544,2024-05-18
10,7,16,2024-05-10
10,7,21,2024-06-08
10,2,260,2024-06-06
10,6,506,2024-06-05
10,7,128,2024-06-05
10,3,353,2024-06-13
10,9,382,2024-07-09
10,5,227,2024-07-08
10,9,372,2024-06-15
10,2,211,2024-07-07
10,9,395,2024-06-11
10,9,226,2024-07-01
10,3,588,2024-07-07
10,10,277,2024-07-07
10,8,218,2024-07-09
10,3,338,2024-08-04
10,9,279,2024-07-25
10,6,273,2024-07-14
10,3,289,2024-07-29
10,2,66,2024-07-12
10,8,248,2024-08-06
10,7,148,2024-08-06
10,1,191,2024-07-12
10,4,442,2024-08-03
10,6,143,2024-07-30
10,3,313,2024-07-30
10,5,302,2024-07-29
10,4,460,2024-07-26
10,7,137,2024-07-12
10,2,115,2024-07-10
10,6,251,2024-08-05
10,7,187,2024-08-05
10,2,558,2024-07-15
10,4,501,2024-07-17
10,3,542,2024-08-23
10,4,281,2024-08-17
10,8,270,2024-09-04
10,6,83,2024-08-23
10,3,426,2024-08-28
10,9,284,2024-08-29
10,7,63,2024-08-18
10,7,121,2024-09-06
10,3,398,2024-09-02
10,6,437,2024-09-07
10,4,465,2024-09-08
10,9,320,2024-08-10
10,3,334,2024-10-09
10,9,68,2024-10-07
10,8,514,2024-09-18
10,6,127,2024-10-02
10,1,432,2024-10-09
10,3,576,2024-09-23
10,2,469,2024-09-30
10,5,304,2024-09-29
10,5,201,2024-10-08
10,9,324,2024-09-12
10,1,482,2024-10-03
10,1,8,2024-09-22
10,7,175,2024-09-17
10,6,588,2024-09-23
10,9,26,2024-09-29
10,6,232,2024-09-30
10,3,550,2024-09-29
10,9,179,2024-09-13
10,7,92,2024-10-07
10,3,492,2024-10-11
10,8,162,2024-11-05
11,1,573,2024-01-12
11,6,283,2024-01-08
11,3,380,2024-01-10
11,1,441,2024-01-29
11,1,424,2024-01-14
11,3,432,2024-01-13
11,4,49,2024-01-14
11,1,190,2024-01-08
11,4,341,2024-01-21
11,1,318,2024-01-10
11,6,382,2024-01-09
11,9,344,2024-01-05
11,1,571,2024-02-07
11,7,41,2024-02-07
11,3,333,2024-02-14
11,8,456,2024-03-29
11,5,109,2024-03-12
11,1,301,2024-03-26
11,7,8,2024-03-25
11,7,158,2024-03-13
11,7,177,2024-03-15
11,4,324,2024-03-30
11,4,594,2024-04-05
11,3,412,2024-04-08
11,4,113,2024-04-01
11,10,41,2024-04-07
11,2,105,2024-04-10
11,2,266,2024-04-14
11,2,563,2024-04-22
11,9,377,2024-04-07
11,2,387,2024-05-16
11,8,258,2024-05-17
11,9,268,2024-05-03
11,1,311,2024-05-13
11,10,357,2024-05-21
11,1,127,2024-05-25
11,7,152,2024-05-25
11,6,277,2024-05-22
11,2,420,2024-05-03
11,7,73,2024-05-21
11,6,30,2024-05-28
11,2,451,2024-05-03
11,9,63,2024-05-23
11,8,75,2024-05-16
11,10,118,2024-05-04
11,1,290,2024-05-24
11,5,7,2024-05-04
11,5,568,2024-05-01
11,4,202,2024-06-28
11,2,419,2024-06-11
11,1,576,2024-06-05
11,8,440,2024-06-12
11,6,31,2024-06-04
11,1,434,2024-06-05
11,8,344,2024-06-27
11,3,75,2024-06-13
11,4,155,2024-06-14
11,6,363,2024-06-27
11,10,563,2024-06-18
11,6,125,2024-06-15
11,5,542,2024-06-10
11,5,122,2024-06-29
11,5,170,2024-06-28
12,6,68,2024-03-31
12,5,489,2024-04-12
12,2,365,2024-04-17
12,5,379,2024-04-18
12,10,354,2024-05-09
12,5,300,2024-06-06
12,7,68,2024-06-14
12,1,280,2024-06-24
12,3,111,2024-05-28
12,4,435,2024-06-24
12,1,99,2024-06-23
12,6,165,2024-07-03
12,5,520,2024-07-24
12,5,164,2024-07-18
12,3,64,2024-07-23
12,5,267,2024-07-18
12,1,184,2024-08-15
12,9,558,2024-08-21
12,6,529,2024-08-14
12,3,304,2024-08-07
12,4,582,2024-08-18
12,6,587,2024-08-27
12,8,407,2024-09-10
12,9,499,2024-09-13
12,1,82,2024-09-23
12,3,365,2024-08-29
12,9,116,2024-09-08
12,1,337,2024-09-12
13,6,349,2024-04-02
13,3,566,2024-03-21
13,10,320,2024-04-10
13,5,204,2024-03-13
13,9,547,2024-04-04
13,9,303,2024-03-14
13,8,113,2024-04-19
13,7,30,2024-04-18
13,3,65,2024-04-15
13,9,549,2024-04-12
13,5,141,2024-04-19
13,8,188,2024-04-20
13,1,547,2024-04-13
13,8,535,2024-04-20
13,2,384,2024-04-15
13,6,75,2024-04-14
13,8,188,2024-04-24
13,7,162,2024-06-21
13,6,188,2024-06-13
13,2,474,2024-06-24
13,8,111,2024-07-09
13,8,567,2024-08-07
13,7,53,2024-08-18
13,1,233,2024-09-10
14,1,183,2024-02-12
14,10,10,2024-01-24
14,8,566,2024-02-09
14,4,160,2024-02-07
14,2,412,2024-02-03
14,4,53,2024-02-13
14,6,30,2024-01-24
14,7,8,2024-02-07
14,7,159,2024-02-03
14,2,354,2024-01-31
14,9,561,2024-02-04
14,9,241,2024-02-15
14,2,96,2024-03-13
14,6,209,2024-03-14
14,8,390,2024-02-25
14,9,157,2024-03-19
14,9,577,2024-03-02
14,3,137,2024-03-18
14,2,428,2024-02-24
14,4,141,2024-03-10
14,1,198,2024-03-07
14,8,421,2024-03-08
14,10,471,2024-03-17
14,1,175,2024-03-14
14,5,235,2024-03-04
14,5,536,2024-03-03
14,1,452,2024-03-06
14,9,533,2024-03-11
14,3,293,2024-03-01
14,1,101,2024-03-13
14,7,28,2024-02-29
14,3,303,2024-03-07
14,2,227,2024-03-03
14,9,455,2024-02-29
14,2,397,2024-02-24
14,2,528,2024-02-29
14,9,166,2024-03-02
14,7,173,2024-04-02
14,2,263,2024-03-24
14,2,3,2024-04-17
14,6,149,2024-04-17
14,8,438,2024-03-21
14,4,533,2024-04-17
14,3,525,2024-04-14
14,1,118,2024-04-11
14,10,565,2024-04-01
14,5,586,2024-04-03
14,5,102,2024-04-13
14,2,398,2024-03-30
14,3,387,2024-04-04
14,6,17,2024-04-01
14,6,536,2024-04-18
14,9,378,2024-04-17
14,10,230,2024-03-21
14,4,119,2024-04-17
14,1,104,2024-04-17
14,10,502,2024-04-10
14,10,175,2024-04-19
14,9,421,2024-03-26
14,7,153,2024-03-21
14,7,186,2024-03-27
14,4,12,2024-04-05
14,5,484,2024-04-02
14,7,111,2024-04-08
14,9,160,2024-03-31
14,8,225,2024-04-12
14,9,504,2024-03-28
14,6,59,2024-03-24
14,8,195,2024-04-18
14,9,157,2024-03-22
14,2,412,2024-04-02
14,7,172,2024-05-16
14,4,104,2024-04-29
14,7,133,2024-05-14
14,4,434,2024-05-01
14,6,233,2024-05-07
14,10,492,2024-04-27
14,10,441,2024-05-16
14,9,394,2024-05-17
14,3,267,2024-05-03
14,5,456,2024-04-28
14,4,412,2024-05-01
14,1,49,2024-05-05
14,4,102,2024-05-14
14,6,569,2024-05-05
14,9,242,2024-05-16
14,1,5,2024-05-10
14,4,361,2024-05-01
14,8,566,2024-04-21
14,2,422,2024-05-17
14,2,15,2024-05-19
14,10,277,2024-05-04
14,5,390,2024-04-26
14,6,446,2024-05-08
14,10,302,2024-05-03
14,3,518,2024-05-19
14,8,428,2024-05-03
14,1,331,2024-05-03
14,9,272,2024-05-24
14,3,252,2024-06-05
14,8,90,2024-06-19
14,9,332,2024-05-31
14,5,274,2024-06-08
14,7,55,2024-05-26
14,6,154,2024-05-26
14,4,571,2024-06-18
14,2,273,2024-05-31
14,5,450,2024-05-22
14,7,8,2024-06-02
14,10,8,2024-06-19
14,4,495,2024-06-19
14,1,427,2024-05-27
14,1,187,2024-06-09
14,8,93,2024-06-11
14,9,421,2024-05-30
14,4,512,2024-06-17
14,10,255,2024-05-31
14,10,322,2024-07-13
15,10,265,2024-04-21
15,8,247,2024-04-26
15,2,499,2024-03-31
15,9,327,2024-04-16
15,3,404,2024-04-20
15,3,359,2024-04-26
15,10,17,2024-04-17
15,4,91,2024-04-17
15,4,114,2024-03-31
15,10,154,2024-04-12
15,4,266,2024-04-26
15,9,105,2024-04-04
15,10,193,2024-04-16
15,6,354,2024-04-23
15,9,580,2024-04-04
15,8,99,2024-04-11
15,10,403,2024-04-12
15,7,47,2024-04-22
15,7,154,2024-04-07
15,5,405,2024-04-13
15,4,84,2024-04-14
15,2,109,2024-04-28
15,8,553,2024-04-15
15,3,112,2024-04-06
15,9,475,2024-05-03
15,10,271,2024-05-02
15,5,367,2024-05-23
15,8,189,2024-05-03
15,2,536,2024-05-23
15,10,4,2024-05-02
15,2,433,2024-05-22
15,5,248,2024-05-19
15,7,109,2024-05-04
15,9,566,2024-06-04
15,5,391,2024-06-05
15,6,85,2024-06-27
15,4,515,2024-06-17
15,6,38,2024-06-17
15,4,169,2024-06-03
15,7,58,2024-06-16
15,5,537,2024-07-15
15,3,206,2024-07-24
15,6,551,2024-07-15
15,8,22,2024-07-20
15,6,272,2024-07-26
15,7,31,2024-07-09
15,10,32,2024-07-26
15,2,254,2024-07-08
15,1,480,2024-07-09
15,6,505,2024-07-16
15,4,560,2024-07-19
15,9,102,2024-07-16
15,1,191,2024-07-24
15,3,81,2024-07-08
15,8,194,2024-07-07
15,7,123,2024-07-05
15,1,407,2024-07-25
15,7,126,2024-07-24
15,1,418,2024-07-26
15,9,477,2024-07-08
15,6,262,2024-07-19
15,4,245,2024-07-02
15,1,575,2024-07-16
15,7,65,2024-07-16
15,3,474,2024-07-14
15,4,544,2024-07-03
15,2,369,2024-07-18
15,1,270,2024-07-31
15,7,132,2024-08-22
15,3,168,2024-08-17
15,5,193,2024-08-03
15,6,525,2024-08-14
15,3,592,2024-08-25
15,10,89,2024-08-18
15,4,428,2024-08-21
15,2,376,2024-08-20
15,3,313,2024-08-03
15,8,519,2024-08-12
15,8,375,2024-08-01
15,2,595,2024-08-17
15,2,500,2024-08-14
15,1,113,2024-09-10
15,5,331,2024-09-03
15,1,97,2024-09-03
16,9,19,2024-04-08
16,5,450,2024-04-16
16,7,33,2024-03-30
16,4,391,2024-04-01
16,7,14,2024-04-09
16,3,128,2024-04-08
16,8,404,2024-04-15
16,8,338,2024-03-27
16,9,569,2024-03-25
16,10,574,2024-04-15
16,10,17,2024-03-19
16,6,570,2024-03-22
16,9,82,2024-04-12
16,4,425,2024-04-03
16,1,204,2024-03-24
16,3,98,2024-04-11
16,3,208,2024-03-19
16,8,586,2024-03-23
16,6,154,2024-03-28
16,7,39,2024-04-13
16,6,20,2024-04-13
16,9,148,2024-03-29
16,3,596,2024-03-20
16,2,414,2024-04-07
16,2,134,2024-04-01
16,10,73,2024-03-18
16,6,443,2024-03-21
16,2,413,2024-03-21
16,1,595,2024-04-12
16,9,266,2024-04-07
16,6,560,2024-04-07
16,8,414,2024-04-11
16,1,301,2024-03-21
16,7,49,2024-03-26
16,4,83,2024-03-18
16,10,420,2024-03-26
16,10,262,2024-05-03
16,6,370,2024-05-14
16,6,419,2024-05-07
16,5,127,2024-05-12
16,4,379,2024-04-26
16,10,248,2024-05-15
16,1,43,2024-05-12
16,9,170,2024-05-05
16,4,493,2024-04-25
16,7,113,2024-05-08
16,7,111,2024-05-07
16,1,366,2024-04-22
16,2,296,2024-04-28
16,2,314,2024-04-18
16,2,304,2024-05-10
16,10,338,2024-04-23
16,3,164,2024-05-14
16,8,387,2024-04-27
16,6,494,2024-04-27
16,1,73,2024-05-16
16,6,295,2024-05-04
16,1,549,2024-04-26
16,2,568,2024-05-14
16,5,445,2024-05-13
16,6,420,2024-05-05
16,5,335,2024-05-15
16,2,63,2024-05-09
16,10,185,2024-04-30
16,4,214,2024-04-24
16,6,88,2024-04-21
16,1,3,2024-05-01
16,6,121,2024-04-18
16,6,38,2024-05-08
16,5,21,2024-05-05
16,7,109,2024-05-02
16,4,595,2024-04-20
16,4,69,2024-04-18
16,4,140,2024-05-15
16,8,535,2024-05-12
16,5,61,2024-05-13
16,4,153,2024-04-30
16,7,46,2024-05-10
16,5,548,2024-05-01
16,10,177,2024-04-27
16,10,97,2024-05-04
16,5,137,2024-04-23
16,3,109,2024-04-20
16,7,150,2024-04-26
16,6,261,2024-04-27
16,9,457,2024-06-15
16,5,599,2024-05-30
16,4,495,2024-06-02
16,7,45,2024-06-03
16,7,104,2024-06-07
16,2,485,2024-05-23
16,2,289,2024-06-16
16,1,235,2024-05-27
16,3,115,2024-05-21
16,2,234,2024-06-14
16,7,47,2024-06-08
16,3,118,2024-06-01
16,8,584,2024-05-28
16,9,175,2024-05-18
16,1,19,2024-05-20
16,10,175,2024-05-27
16,1,354,2024-06-05
16,6,93,2024-06-02
16,1,245,2024-06-15
16,7,128,2024-06-10
16,10,17,2024-05-24
16,5,305,2024-05-20
16,7,58,2024-06-03
16,7,53,2024-05-18
16,1,574,2024-06-03
16,9,251,2024-06-15
16,3,207,2024-06-15
16,5,416,2024-06-12
16,9,73,2024-06-10
16,8,93,2024-06-11
16,6,336,2024-05-26
16,3,364,2024-06-05
16,6,199,2024-05-31
16,3,429,2024-06-01
16,3,139,2024-06-07
16,9,232,2024-06-04
16,3,384,2024-06-02
16,2,534,2024-05-23
16,9,292,2024-06-01
16,4,49,2024-05-30
16,2,333,2024-05-30
16,8,59,2024-08-09
16,4,507,2024-08-14
16,4,122,2024-07-28
16,2,62,2024-08-03
16,9,348,2024-08-14
16,2,317,2024-08-10
16,9,136,2024-07-26
16,10,314,2024-07-22
16,7,58,2024-08-06
16,1,355,2024-07-22
16,3,44,2024-08-15
16,7,92,2024-07-26
16,6,442,2024-08-03
16,7,131,2024-08-07
16,10,490,2024-07-22
16,5,470,2024-08-16
16,10,445,2024-07-30
16,8,59,2024-09-11
16,8,237,2024-09-13
16,2,300,2024-08-28
16,1,514,2024-09-04
16,3,318,2024-09-03
16,6,505,2024-09-01
16,3,222,2024-09-15
16,1,156,2024-09-07
16,10,586,2024-08-24
16,5,207,2024-08-21
16,7,119,2024-08-23
16,8,340,2024-09-12
16,5,340,2024-08-29
16,1,540,2024-08-25
16,1,575,2024-09-08
16,6,405,2024-08-20
16,5,120,2024-08-31
16,2,217,2024-09-10
16,8,455,2024-08-25
16,6,258,2024-08-25
16,1,182,2024-09-15
16,6,27,2024-09-06
16,10,451,2024-08-30
16,3,351,2024-09-01
16,1,459,2024-09-13
16,5,499,2024-09-08
17,7,186,2024-02-19
17,3,208,2024-02-21
17,5,125,2024-02-26
17,3,537,2024-02-20
17,3,450,2024-02-26
17,9,276,2024-03-03
17,3,540,2024-02-21
17,5,563,2024-03-08
17,2,113,2024-02-26
17,4,14,2024-02-27
17,2,155,2024-03-10
17,6,471,2024-02-27
17,5,343,2024-02-25
17,9,182,2024-02-26
17,6,64,2024-02-23
17,4,193,2024-03-02
17,8,406,2024-03-09
17,2,93,2024-03-01
17,2,404,2024-03-05
17,1,375,2024-03-14
17,8,118,2024-03-07
17,6,156,2024-03-11
17,10,94,2024-02-29
17,2,438,2024-03-13
17,8,150,2024-03-07
17,8,340,2024-04-05
17,7,144,2024-03-30
17,7,45,2024-04-12
17,8,155,2024-04-06
17,7,88,2024-03-25
17,3,179,2024-04-05
17,9,264,2024-05-01
17,5,366,2024-05-06
17,7,53,2024-05-09
17,1,64,2024-04-26
17,3,494,2024-04-27
17,2,71,2024-04-28
17,10,276,2024-05-04
17,10,564,2024-05-31
17,5,84,2024-05-19
17,5,584,2024-05-24
17,8,360,2024-05-27
17,8,93,2024-06-15
17,8,60,2024-05-26
17,7,28,2024-06-02
17,4,13,2024-05-20
17,5,86,2024-05-20
17,8,471,2024-07-08
17,2,31,2024-07-09
17,5,192,2024-06-22
17,10,424,2024-06-30
17,8,355,2024-06-28
17,7,145,2024-06-17
17,7,57,2024-07-09
17,8,226,2024-07-25
17,6,89,2024-08-01
17,2,371,2024-07-28
17,8,399,2024-07-26
18,9,447,2024-04-14
18,3,48,2024-05-20
18,7,187,2024-06-27
18,8,229,2024-06-08
18,3,589,2024-06-27
18,7,72,2024-07-27
18,6,191,2024-07-08
18,5,451,2024-08-30
18,3,237,2024-08-24
18,2,406,2024-08-31
18,6,247,2024-08-10
18,9,6,2024-08-16
18,3,387,2024-08-29
18,1,349,2024-08-07
18,4,345,2024-08-11
18,5,596,2024-08-09
18,6,388,2024-08-15
19,7,174,2024-07-30
19,8,315,2024-08-17
19,7,2,2024-09-13
19,2,511,2024-09-08
19,7,13,2024-09-09
19,2,171,2024-09-12
19,5,567,2024-09-08
19,4,143,2024-10-01
19,4,364,2024-10-13
19,7,128,2024-10-12
19,1,308,2024-10-01
19,6,367,2024-09-23
20,9,72,2024-04-10
20,1,107,2024-03-22
20,10,139,2024-03-21
20,1,481,2024-04-09
20,5,424,2024-04-06
20,3,233,2024-05-31
20,3,371,2024-05-25
20,8,149,2024-06-02
20,2,63,2024-05-22
20,3,273,2024-05-20
20,3,184,2024-05-20
20,2,550,2024-06-06
20,5,371,2024-06-03
20,4,218,2024-05-31
20,4,58,2024-05-27
20,1,105,2024-06-18
20,7,188,2024-06-28
20,3,186,2024-07-12
20,3,210,2024-06-30
20,9,367,2024-07-30
20,8,588,2024-08-07
20,7,142,2024-07-27
20,9,511,2024-07-16
20,3,250,2024-08-07
20,6,73,2024-08-09
20,4,360,2024-07-24
20,3,152,2024-07-19
20,3,283,2024-07-30
20,1,271,2024-07-17
20,9,556,2024-08-09
20,2,351,2024-08-01
20,4,140,2024-08-06
20,4,87,2024-07-30
20,7,112,2024-07-15
20,6,578,2024-08-13
20,3,378,2024-08-04
20,9,433,2024-08-03
20,6,469,2024-08-13
20,1,294,2024-08-12
20,10,250,2024-07-28
20,4,302,2024-08-08
20,5,70,2024-07-31
20,7,91,2024-08-01
20,5,192,2024-07-17
20,8,242,2024-07-24
20,9,180,2024-07-31
20,5,237,2024-09-04
20,7,37,2024-09-07
20,6,197,2024-08-23
20,2,449,2024-08-22
20,3,30,2024-08-25
20,7,90,2024-08-27
21,2,247,2024-05-23
21,9,588,2024-05-04
21,7,22,2024-05-11
21,5,111,2024-05-04
21,1,191,2024-05-13
21,6,426,2024-05-24
21,1,22,2024-05-09
21,3,208,2024-05-11
21,1,529,2024-05-25
21,10,166,2024-05-20
21,6,163,2024-05-17
21,8,445,2024-05-18
21,6,509,2024-05-30
21,1,415,2024-05-24
21,8,60,2024-05-09
21,5,570,2024-05-20
21,7,162,2024-05-29
21,5,532,2024-05-09
21,6,571,2024-05-21
21,2,388,2024-05-20
21,9,526,2024-05-17
21,7,128,2024-05-15
21,7,143,2024-05-22
21,3,337,2024-05-06
21,4,122,2024-06-19
21,8,317,2024-07-02
21,1,327,2024-06-14
21,2,65,2024-06-06
21,4,141,2024-06-09
21,10,128,2024-06-17
21,5,463,2024-06-18
21,4,187,2024-06-19
21,4,429,2024-06-29
21,2,287,2024-06-06
21,6,136,2024-06-27
21,9,487,2024-06-16
21,2,583,2024-06-27
21,3,103,2024-06-13
21,9,458,2024-06-09
21,2,197,2024-06-24
21,7,60,2024-06-05
21,6,494,2024-07-15
21,4,93,2024-07-26
21,6,288,2024-07-13
21,2,424,2024-07-29
21,9,202,2024-07-23
21,6,376,2024-07-30
21,3,106,2024-07-14
21,1,96,2024-07-07
21,4,416,2024-07-25
21,8,454,2024-07-06
21,6,193,2024-07-23
21,6,515,2024-07-12
21,7,14,2024-07-04
21,2,113,2024-07-30
21,9,83,2024-08-01
21,5,47,2024-07-23
21,7,30,2024-07-28
21,2,237,2024-07-27
21,9,586,2024-07-17
21,10,494,2024-07-29
21,7,127,2024-07-12
21,9,334,2024-07-06
21,4,48,2024-07-05
21,10,99,2024-07-14
21,5,405,2024-07-25
21,7,126,2024-07-05
21,9,54,2024-07-30
21,1,530,2024-07-06
21,5,187,2024-07-29
21,6,364,2024-07-14
21,10,76,2024-07-31
21,4,474,2024-07-30
21,8,263,2024-07-18
21,7,174,2024-07-11
21,1,63,2024-08-01
21,1,376,2024-07-07
21,5,520,2024-07-08
21,10,175,2024-07-15
21,5,400,2024-07-17
21,10,71,2024-07-16
21,4,124,2024-08-01
21,3,228,2024-08-18
21,4,461,2024-08-13
21,5,64,2024-08-08
21,7,29,2024-08-23
21,9,164,2024-08-05
21,6,224,2024-08-19
21,2,30,2024-08-16
21,3,471,2024-08-05
21,6,221,2024-08-07
21,6,367,2024-08-07
21,4,239,2024-09-18
21,9,148,2024-09-12
21,4,50,2024-09-21
21,5,587,2024-09-08
21,6,300,2024-09-05
21,10,135,2024-09-07
21,3,490,2024-10-03
21,3,441,2024-09-24
21,3,181,2024-09-05
21,4,138,2024-09-05
21,2,316,2024-09-27
21,1,144,2024-09-19
21,7,159,2024-09-14
21,8,129,2024-09-14
21,4,327,2024-10-29
21,2,225,2024-10-14
21,1,559,2024-10-31
21,5,386,2024-10-13
21,8,108,2024-10-22
21,10,296,2024-10-21
21,3,12,2024-10-06
22,4,96,2024-05-20
22,10,444,2024-05-01
22,8,361,2024-05-13
22,10,303,2024-04-26
22,6,237,2024-05-13
22,9,468,2024-05-09
22,9,336,2024-04-23
22,10,322,2024-05-03
22,8,73,2024-05-03
22,10,201,2024-05-01
22,9,39,2024-05-19
22,2,321,2024-05-10
22,4,408,2024-05-13
22,2,569,2024-05-05
22,2,285,2024-05-06
22,5,156,2024-05-11
22,7,24,2024-05-12
22,10,128,2024-05-17
22,6,454,2024-04-25
22,6,206,2024-06-06
22,4,440,2024-06-15
22,1,164,2024-06-10
22,2,294,2024-05-24
22,7,109,2024-06-17
22,5,452,2024-06-11
22,8,462,2024-05-28
22,6,396,2024-06-06
22,1,599,2024-06-04
22,7,46,2024-06-05
22,1,310,2024-06-05
22,2,109,2024-06-17
22,4,206,2024-06-05
22,1,245,2024-05-24
22,1,476,2024-06-09
22,6,190,2024-06-13
22,8,251,2024-06-10
22,3,201,2024-06-19
22,6,511,2024-06-15
22,6,508,2024-06-17
22,9,72,2024-06-13
22,1,587,2024-05-28
22,6,344,2024-06-01
22,6,528,2024-05-24
22,4,558,2024-05-24
22,1,58,2024-06-11
22,1,326,2024-05-29
22,3,131,2024-06-18
22,3,475,2024-06-02
22,4,276,2024-05-30
22,7,4,2024-06-09
22,6,102,2024-06-17
22,9,86,2024-06-18
22,4,111,2024-06-11
22,6,43,2024-06-09
22,8,200,2024-05-31
22,10,26,2024-06-13
22,9,20,2024-06-14
22,3,551,2024-06-09
22,7,11,2024-06-16
22,10,411,2024-06-01
22,6,427,2024-06-09
22,6,369,2024-05-31
22,1,232,2024-05-29
22,4,376,2024-05-28
22,7,61,2024-05-25
22,9,563,2024-06-11
22,5,46,2024-06-11
22,8,269,2024-06-15
22,6,566,2024-06-15
22,4,260,2024-06-01
22,1,7,2024-06-04
22,10,523,2024-06-18
22,6,215,2024-06-03
22,7,28,2024-06-01
22,9,538,2024-06-15
22,6,541,2024-06-09
22,1,164,2024-06-04
22,3,348,2024-06-07
22,3,414,2024-06-10
22,8,217,2024-06-09
22,6,507,2024-06-05
22,5,576,2024-06-12
22,4,506,2024-05-27
22,7,7,2024-06-12
22,1,169,2024-05-31
22,10,441,2024-05-28
22,2,513,2024-06-02
22,5,188,2024-05-23
22,4,427,2024-06-12
22,10,260,2024-05-22
22,7,178,2024-05-30
22,3,520,2024-06-19
22,8,292,2024-06-08
22,4,283,2024-06-04
22,9,156,2024-06-18
22,3,559,2024-06-17
22,4,421,2024-06-07
22,7,48,2024-06-04
22,10,39,2024-05-30
22,4,530,2024-07-17
22,5,255,2024-06-28
22,1,383,2024-07-17
22,10,599,2024-07-17
22,6,582,2024-07-03
22,8,598,2024-07-10
22,5,357,2024-07-21
22,9,33,2024-07-01
22,5,524,2024-07-13
22,7,137,2024-07-13
22,5,541,2024-06-22
22,5,271,2024-06-23
22,4,487,2024-07-12
22,6,274,2024-06-24
22,7,171,2024-07-09
22,6,421,2024-07-17
22,1,364,2024-07-18
22,10,523,2024-06-25
22,2,196,2024-07-08
22,2,22,2024-06-23
22,6,426,2024-07-16
22,7,185,2024-07-12
22,7,144,2024-07-05
22,7,156,2024-07-19
22,3,433,2024-06-30
22,10,429,2024-07-13
22,5,197,2024-07-01
22,5,480,2024-07-18
22,10,251,2024-06-28
22,10,123,2024-07-06
22,3,339,2024-07-01
22,3,518,2024-07-03
22,6,589,2024-07-20
22,3,67,2024-06-29
22,8,122,2024-07-11
22,4,597,2024-06-24
22,8,16,2024-07-04
22,3,496,2024-06-30
22,5,327,2024-07-06
22,7,102,2024-06-23
22,9,408,2024-07-08
22,5,428,2024-06-22
22,10,491,2024-07-07
22,8,369,2024-07-16
22,2,12,2024-07-16
22,1,494,2024-07-07
22,9,420,2024-07-16
22,7,171,2024-06-27
22,5,427,2024-07-16
22,2,190,2024-07-04
22,2,315,2024-07-19
22,9,92,2024-07-10
22,8,155,2024-07-06
22,9,232,2024-07-11
22,1,68,2024-07-05
22,9,323,2024-07-17
22,8,518,2024-07-07
22,8,432,2024-06-28
22,5,537,2024-07-11
22,6,367,2024-07-09
22,2,370,2024-07-06
22,2,111,2024-07-16
22,7,147,2024-06-24
22,7,53,2024-07-17
22,6,557,2024-07-03
22,8,233,2024-06-22
22,3,440,2024-07-13
22,3,76,2024-07-14
22,1,540,2024-07-18
22,4,253,2024-07-21
22,1,37,2024-07-17
22,3,127,2024-06-24
22,8,592,2024-06-27
22,7,54,2024-07-13
22,3,444,2024-07-04
22,8,236,2024-07-14
22,7,85,2024-07-17
22,8,85,2024-07-16
22,9,65,2024-06-27
22,7,115,2024-07-14
22,7,96,2024-07-21
22,2,463,2024-06-22
22,5,313,2024-06-28
22,2,88,2024-08-09
22,8,435,2024-07-31
22,7,50,2024-08-06
22,4,347,2024-07-27
22,9,245,2024-08-03
22,9,533,2024-08-16
22,8,112,2024-08-03
22,1,343,2024-08-10
22,5,401,2024-08-18
22,9,537,2024-08-16
22,2,297,2024-07-27
22,9,550,2024-07-27
22,2,168,2024-07-24
22,7,117,2024-07-24
22,1,531,2024-08-08
22,1,344,2024-08-03
22,3,1,2024-07-25
22,9,429,2024-08-07
22,2,345,2024-08-06
22,2,221,2024-08-09
22,7,25,2024-08-06
22,6,499,2024-07-30
22,1,42,2024-08-09
22,1,439,2024-08-08
22,2,345,2024-08-19
22,6,21,2024-08-16
22,6,48,2024-08-01
22,7,31,2024-07-31
22,10,542,2024-08-15
22,4,274,2024-08-18
22,8,381,2024-07-30
22,4,191,2024-07-29
22,9,137,2024-08-16
22,4,209,2024-08-06
22,3,69,2024-08-13
22,5,79,2024-08-08
22,2,525,2024-07-25
22,10,330,2024-08-19
22,9,8,2024-07-24
22,9,117,2024-08-01
22,3,485,2024-08-19
22,10,164,2024-08-14
22,5,74,2024-08-18
22,8,73,2024-08-10
22,7,130,2024-08-12
22,8,572,2024-08-13
22,7,40,2024-07-28
22,5,151,2024-08-19
22,10,179,2024-07-26
22,2,13,2024-09-16
22,7,106,2024-09-13
22,6,99,2024-09-08
22,6,192,2024-08-26
22,3,467,2024-09-20
22,8,361,2024-08-25
22,9,492,2024-09-13
22,3,183,2024-09-04
22,1,467,2024-08-27
22,4,519,2024-09-20
22,3,305,2024-09-15
22,6,232,2024-09-09
22,8,592,2024-09-10
22,3,554,2024-09-07
22,7,155,2024-08-31
22,2,548,2024-09-15
22,6,215,2024-08-27
22,9,439,2024-09-07
22,8,331,2024-09-16
22,3,482,2024-09-18
22,3,75,2024-08-27
22,3,21,2024-09-12
22,8,222,2024-09-17
22,8,179,2024-09-10
22,6,59,2024-08-28
22,9,191,2024-08-29
22,8,35,2024-09-17
22,3,237,2024-08-29
22,7,27,2024-08-22
22,6,172,2024-09-13
22,9,123,2024-09-01
22,10,575,2024-08-25
22,5,383,2024-09-07
22,3,432,2024-08-26
22,3,372,2024-09-05
22,3,116,2024-09-04
22,1,24,2024-09-10
22,7,82,2024-09-08
22,6,498,2024-09-05
22,6,27,2024-09-05
22,2,247,2024-08-29
22,3,559,2024-09-03
22,9,488,2024-09-19
22,4,1,2024-09-23
22,9,349,2024-09-23
22,2,502,2024-09-28
22,7,159,2024-10-20
22,9,550,2024-10-05
22,8,347,2024-10-13
22,2,209,2024-09-26
22,9,568,2024-10-21
22,4,597,2024-10-20
22,5,22,2024-09-24
22,5,306,2024-10-17
22,1,273,2024-10-07
22,10,503,2024-09-23
22,4,597,2024-09-28
22,2,390,2024-10-08
22,7,69,2024-09-26
22,4,448,2024-10-07
22,3,165,2024-09-29
22,9,426,2024-10-16
22,2,265,2024-10-02
22,4,342,2024-10-13
22,6,439,2024-10-20
22,6,251,2024-10-05
22,1,530,2024-09-28
22,1,97,2024-09-22
22,8,132,2024-09-25
22,2,283,2024-10-02
22,1,284,2024-10-01
22,9,439,2024-09-25
22,6,318,2024-10-07
22,2,599,2024-10-09
22,10,472,2024-10-15
22,1,13,2024-10-15
22,2,113,2024-09-26
22,7,189,2024-10-01
22,1,79,2024-10-09
23,6,470,2024-02-24
23,1,68,2024-02-12
23,1,52,2024-02-16
23,5,474,2024-02-12
23,9,431,2024-02-10
23,10,435,2024-02-22
23,3,198,2024-02-18
23,8,411,2024-02-04
23,8,65,2024-02-20
23,1,369,2024-02-22
23,7,83,2024-02-20
23,9,574,2024-02-28
23,6,459,2024-02-18
23,3,425,2024-02-08
23,2,543,2024-02-28
23,2,122,2024-02-15
23,6,398,2024-02-21
23,9,207,2024-02-12
23,8,278,2024-02-01
23,8,569,2024-02-10
23,2,114,2024-02-27
23,1,477,2024-02-04
23,5,321,2024-02-17
23,1,219,2024-02-19
23,5,528,2024-02-10
23,6,538,2024-02-14
23,1,586,2024-02-09
23,1,535,2024-02-05
23,5,327,2024-02-10
23,2,452,2024-02-12
23,7,96,2024-02-17
23,2,10,2024-02-16
23,1,485,2024-02-10
23,6,150,2024-02-07
23,4,129,2024-02-20
23,5,58,2024-02-04
23,3,45,2024-01-30
23,7,23,2024-02-24
23,7,79,2024-02-10
23,10,97,2024-02-13
23,4,567,2024-02-25
23,9,69,2024-02-27
23,2,567,2024-02-24
23,1,599,2024-02-04
23,7,78,2024-02-27
23,10,547,2024-02-13
23,2,169,2024-03-08
23,7,71,2024-03-02
23,9,1,2024-04-26
23,4,518,2024-04-04
23,10,583,2024-04-23
23,2,126,2024-04-25
23,1,97,2024-04-07
23,3,191,2024-04-12
23,10,56,2024-04-13
23,9,32,2024-04-12
23,1,494,2024-04-24
23,2,442,2024-03-30
23,4,114,2024-04-04
23,9,215,2024-04-25
23,6,512,2024-04-23
23,1,74,2024-04-22
23,5,176,2024-04-08
23,5,166,2024-04-06
23,8,424,2024-04-11
23,8,229,2024-04-22
23,2,352,2024-04-22
23,8,337,2024-04-14
23,5,368,2024-04-27
23,8,341,2024-04-18
23,2,152,2024-04-07
23,1,274,2024-04-07
23,4,101,2024-04-10
23,2,529,2024-04-06
23,1,157,2024-04-01
23,2,404,2024-04-21
23,8,559,2024-04-08
23,9,205,2024-04-12
23,5,247,2024-04-16
23,10,538,2024-04-22
23,10,154,2024-04-11
23,1,338,2024-04-18
23,3,450,2024-03-29
23,10,273,2024-04-09
23,1,588,2024-04-14
23,8,49,2024-04-20
23,10,355,2024-04-05
23,4,46,2024-04-11
23,4,408,2024-04-26
23,6,129,2024-04-14
23,9,266,2024-04-19
23,10,200,2024-04-26
23,7,92,2024-04-03
23,4,336,2024-04-04
23,9,334,2024-04-08
23,10,90,2024-04-11
23,7,161,2024-04-23
23,9,301,2024-04-17
23,3,436,2024-04-01
23,10,459,2024-03-30
23,1,140,2024-04-23
23,1,590,2024-04-21
23,2,282,2024-04-18
23,4,578,2024-04-07
23,9,87,2024-04-12
23,7,81,2024-04-27
23,2,596,2024-04-17
23,3,183,2024-04-09
23,8,322,2024-04-01
23,3,556,2024-04-26
23,6,192,2024-04-01
23,6,18,2024-04-09
23,4,123,2024-04-19
23,5,51,2024-04-05
23,7,48,2024-04-16
23,6,84,2024-04-24
23,5,357,2024-04-13
23,7,187,2024-04-02
23,3,378,2024-04-02
23,7,181,2024-04-02
23,9,271,2024-03-31
23,6,529,2024-04-23
23,5,149,2024-04-22
23,6,472,2024-04-26
23,3,526,2024-04-20
23,10,364,2024-04-20
23,2,169,2024-04-07
23,10,516,2024-04-07
23,2,106,2024-04-18
23,6,121,2024-04-01
23,2,197,2024-04-16
23,2,12,2024-04-14
23,10,392,2024-04-26
23,3,267,2024-04-22
23,9,2,2024-04-05
23,5,522,2024-05-19
23,4,112,2024-05-06
23,4,477,2024-05-08
23,6,236,2024-05-16
23,7,20,2024-05-22
23,7,135,2024-05-07
23,1,410,2024-05-04
23,6,246,2024-05-27
23,6,556,2024-05-08
23,7,190,2024-05-24
23,6,51,2024-05-16
23,6,563,2024-05-08
23,8,248,2024-05-04
23,5,57,2024-05-28
23,7,33,2024-05-25
23,2,352,2024-05-10
23,10,283,2024-05-08
23,9,180,2024-05-08
23,10,25,2024-05-09
23,7,57,2024-05-18
23,8,343,2024-05-27
23,7,33,2024-05-19
23,2,530,2024-05-13
23,1,229,2024-04-30
23,4,435,2024-05-16
23,6,402,2024-05-12
23,8,584,2024-05-27
23,5,343,2024-05-18
23,1,139,2024-04-30
23,10,218,2024-05-02
23,1,525,2024-05-06
23,9,42,2024-05-17
23,2,275,2024-05-24
23,7,54,2024-05-14
23,1,140,2024-05-22
23,2,530,2024-05-23
23,5,410,2024-05-28
23,6,13,2024-05-17
23,3,90,2024-05-06
23,10,250,2024-05-10
23,2,108,2024-05-26
23,2,589,2024-05-03
23,6,258,2024-05-03
23,7,26,2024-05-24
23,8,204,2024-05-14
23,7,168,2024-05-28
23,9,544,2024-05-13
23,5,397,2024-05-03
23,10,169,2024-05-19
23,2,362,2024-05-22
23,7,40,2024-05-26
23,3,255,2024-05-13
23,4,577,2024-05-02
23,10,421,2024-05-21
23,5,496,2024-05-11
23,1,219,2024-05-05
23,8,461,2024-05-21
23,4,336,2024-05-19
23,10,409,2024-05-10
23,10,357,2024-05-14
23,1,521,2024-05-10
23,5,284,2024-05-22
23,3,197,2024-04-30
23,2,365,2024-05-14
23,10,590,2024-05-09
23,10,422,2024-05-02
23,5,545,2024-05-05
23,8,105,2024-05-06
23,5,307,2024-05-08
23,9,399,2024-05-03
23,3,182,2024-05-17
23,10,396,2024-05-20
23,4,281,2024-05-21
23,2,420,2024-05-03
23,3,521,2024-05-27
23,5,510,2024-05-23
23,7,105,2024-05-12
23,4,425,2024-05-11
23,4,69,2024-05-30
23,10,513,2024-06-04
23,10,368,2024-06-24
23,8,170,2024-06-19
23,7,90,2024-06-14
23,6,150,2024-06-01
23,1,59,2024-06-06
23,4,199,2024-06-20
23,2,561,2024-06-21
23,8,247,2024-06-27
23,8,560,2024-06-16
23,2,380,2024-06-23
23,9,367,2024-06-10
23,4,464,2024-06-27
23,4,214,2024-06-14
23,6,114,2024-06-22
23,2,503,2024-06-25
23,1,588,2024-06-20
23,5,44,2024-06-23
23,7,181,2024-06-17
23,7,156,2024-06-13
23,5,145,2024-06-15
23,5,333,2024-06-16
23,2,206,2024-06-27
23,4,468,2024-06-17
23,3,365,2024-06-09
23,7,172,2024-06-18
23,4,507,2024-05-30
23,2,325,2024-06-20
23,10,42,2024-06-06
23,7,122,2024-06-07
23,10,358,2024-06-24
23,3,405,2024-06-05
23,1,78,2024-06-18
23,5,49,2024-06-06
23,1,69,2024-06-23
23,9,574,2024-06-17
23,8,171,2024-06-16
23,4,306,2024-05-29
23,8,446,2024-06-26
23,1,378,2024-06-09
23,10,95,2024-06-03
23,9,71,2024-06-23
23,5,92,2024-06-13
23,8,238,2024-06-20
23,4,486,2024-06-19
23,9,156,2024-06-02
23,8,530,2024-06-12
23,6,57,2024-06-26
23,3,384,2024-05-29
23,1,237,2024-05-31
23,10,277,2024-05-31
23,9,552,2024-05-31
23,9,237,2024-06-03
23,7,180,2024-06-09
23,2,184,2024-06-20
23,7,115,2024-06-18
23,1,599,2024-06-06
23,1,509,2024-05-30
23,3,211,2024-06-21
23,7,118,2024-06-07
23,10,315,2024-06-17
23,9,17,2024-06-24
23,2,575,2024-06-27
23,4,19,2024-06-14
23,5,423,2024-06-15
23,5,81,2024-06-04
23,4,424,2024-06-10
23,4,204,2024-06-01
23,8,285,2024-06-06
23,4,307,2024-06-21
23,5,146,2024-06-07
23,9,210,2024-06-14
23,8,279,2024-06-14
23,1,335,2024-06-25
23,9,271,2024-06-25
23,8,419,2024-06-19
23,3,365,2024-06-09
23,4,321,2024-06-18
23,1,109,2024-05-29
23,10,47,2024-06-24
23,7,124,2024-06-19
23,2,27,2024-06-25
23,2,82,2024-06-09
23,8,479,2024-06-27
23,4,402,2024-07-26
23,6,511,2024-07-07
23,9,494,2024-07-06
23,3,547,2024-07-16
23,5,398,2024-07-26
23,4,167,2024-07-18
23,9,412,2024-07-10
23,2,235,2024-07-12
23,6,159,2024-07-21
23,4,311,2024-07-02
23,8,217,2024-06-29
23,7,185,2024-07-10
23,10,133,2024-07-10
23,2,358,2024-07-26
23,7,146,2024-06-30
23,10,463,2024-07-28
23,10,17,2024-07-02
23,7,62,2024-07-07
23,3,252,2024-07-25
23,7,119,2024-06-30
23,6,498,2024-07-04
23,10,179,2024-07-28
23,2,556,2024-07-13
23,6,357,2024-07-16
23,3,515,2024-07-20
23,6,74,2024-07-17
23,3,509,2024-07-10
23,1,519,2024-07-11
23,8,4,2024-07-08
23,7,88,2024-07-15
23,4,325,2024-07-08
23,9,277,2024-07-22
23,6,516,2024-07-22
23,3,259,2024-07-02
23,9,168,2024-07-14
23,6,479,2024-07-22
23,9,296,2024-07-11
23,4,141,2024-07-25
23,6,420,2024-07-06
23,1,355,2024-07-15
23,9,589,2024-07-18
23,2,348,2024-07-09
23,10,534,2024-07-13
23,7,67,2024-07-01
23,10,396,2024-07-22
23,5,84,2024-07-05
23,7,13,2024-07-07
23,9,493,2024-07-10
23,8,353,2024-07-23
23,8,336,2024-07-11
23,3,259,2024-07-22
23,5,523,2024-07-28
23,7,117,2024-07-22
23,10,116,2024-06-30
23,3,543,2024-07-09
23,7,66,2024-07-04
23,9,447,2024-07-18
23,9,464,2024-07-23
23,7,39,2024-07-15
23,6,91,2024-07-12
23,6,166,2024-06-30
23,6,335,2024-07-26
23,1,584,2024-07-03
24,6,373,2024-02-06
24,3,479,2024-02-11
24,10,300,2024-02-19
24,7,16,2024-02-23
24,6,163,2024-02-03
24,2,350,2024-02-14
24,9,464,2024-02-28
24,5,375,2024-02-29
24,5,301,2024-02-21
24,8,189,2024-02-28
24,10,493,2024-02-28
24,10,128,2024-02-08
24,10,559,2024-02-22
24,6,453,2024-02-24
24,2,565,2024-02-16
24,10,560,2024-02-20
24,9,576,2024-03-01
24,6,179,2024-02-08
24,4,3,2024-02-25
24,4,523,2024-02-02
24,6,442,2024-02-12
24,1,21,2024-02-08
24,6,46,2024-02-03
24,4,111,2024-02-19
24,1,447,2024-02-04
24,3,412,2024-02-08
24,1,281,2024-02-12
24,6,596,2024-02-04
24,3,210,2024-03-02
24,10,581,2024-02-10
24,2,188,2024-02-07
24,10,114,2024-02-13
24,4,502,2024-02-22
24,1,495,2024-02-07
24,1,387,2024-02-11
24,5,218,2024-03-01
24,5,346,2024-02-07
24,10,584,2024-02-06
24,1,421,2024-02-04
24,4,47,2024-02-14
24,8,208,2024-02-24
24,5,438,2024-02-28
24,6,90,2024-02-27
24,6,174,2024-02-26
24,8,199,2024-02-07
24,5,200,2024-02-20
24,6,448,2024-02-25
24,4,264,2024-02-27
24,2,249,2024-03-01
24,9,271,2024-03-02
24,10,394,2024-03-01
24,6,592,2024-02-05
24,4,365,2024-02-23
24,5,342,2024-02-08
24,7,169,2024-02-09
24,6,412,2024-02-17
24,6,159,2024-02-15
24,5,225,2024-02-26
24,8,541,2024-03-20
24,1,220,2024-03-09
24,7,133,2024-03-11
24,7,42,2024-03-05
24,9,283,2024-03-27
24,2,537,2024-03-10
24,5,129,2024-03-24
24,10,426,2024-03-21
24,9,125,2024-03-04
24,6,314,2024-03-07
24,5,578,2024-03-27
24,10,82,2024-03-24
24,2,204,2024-03-23
24,5,404,2024-03-08
24,8,368,2024-03-21
24,1,209,2024-03-28
24,1,117,2024-03-21
24,9,495,2024-03-04
24,7,75,2024-03-25
24,6,492,2024-03-14
24,10,449,2024-03-25
24,10,547,2024-03-25
24,4,16,2024-03-28
24,1,243,2024-03-23
24,9,115,2024-03-05
24,5,483,2024-03-14
24,10,75,2024-03-19
24,2,103,2024-03-10
24,10,178,2024-03-24
24,7,59,2024-03-08
24,3,7,2024-03-18
24,9,455,2024-04-05
24,4,498,2024-04-22
24,4,28,2024-04-14
24,1,188,2024-04-25
24,3,112,2024-05-01
24,6,36,2024-04-26
24,7,80,2024-04-27
24,3,577,2024-04-06
24,3,534,2024-04-25
24,4,357,2024-04-22
24,4,68,2024-04-05
24,4,181,2024-04-19
24,2,464,2024-04-10
24,2,534,2024-04-03
24,5,384,2024-04-13
24,7,47,2024-04-08
24,6,597,2024-04-18
24,3,73,2024-04-15
24,1,101,2024-04-03
24,4,176,2024-04-15
24,1,99,2024-04-27
24,7,186,2024-04-16
24,3,514,2024-04-20
24,9,211,2024-04-28
24,5,594,2024-04-17
24,4,140,2024-04-30
24,7,14,2024-04-24
24,3,389,2024-04-18
24,10,106,2024-04-11
24,1,69,2024-04-14
24,10,433,2024-04-02
24,4,100,2024-04-19
24,9,574,2024-04-26
24,2,462,2024-04-26
24,6,157,2024-04-16
24,4,82,2024-04-19
24,9,172,2024-04-08
24,3,62,2024-04-11
24,6,429,2024-04-11
24,2,255,2024-04-21
24,10,112,2024-04-26
24,9,461,2024-04-05
24,7,97,2024-04-29
24,4,520,2024-04-13
24,2,236,2024-04-06
24,6,581,2024-04-14
24,9,234,2024-04-02
24,3,542,2024-04-19
24,3,474,2024-04-26
24,9,386,2024-05-31
24,3,430,2024-05-05
24,9,141,2024-05-08
24,3,311,2024-05-24
24,9,445,2024-05-23
24,9,172,2024-05-13
24,2,352,2024-05-19
24,5,58,2024-05-11
24,10,383,2024-05-26
24,2,286,2024-05-08
24,6,567,2024-05-04
24,3,26,2024-05-26
24,8,565,2024-05-07
24,1,484,2024-06-03
24,7,98,2024-06-27
24,2,597,2024-06-05
24,8,558,2024-06-13
24,6,491,2024-06-30
24,8,329,2024-06-20
24,4,488,2024-06-26
24,3,328,2024-06-20
24,7,155,2024-06-09
24,10,27,2024-07-01
24,3,413,2024-06-08
24,9,229,2024-06-20
24,1,367,2024-06-17
24,7,135,2024-06-27
24,8,106,2024-06-29
24,5,282,2024-06-06
24,6,269,2024-06-29
24,1,18,2024-06-19
24,5,144,2024-06-14
24,7,161,2024-06-27
24,1,422,2024-06-03
24,1,558,2024-06-19
24,6,106,2024-06-25
24,2,425,2024-06-09
24,10,446,2024-06-30
24,10,70,2024-06-15
24,6,246,2024-06-07
24,10,99,2024-06-15
24,6,563,2024-06-24
24,7,104,2024-06-19
24,9,233,2024-06-11
24,9,79,2024-07-21
24,2,226,2024-07-20
24,10,34,2024-07-04
24,6,131,2024-07-11
24,8,443,2024-07-07
24,7,176,2024-07-18
24,3,323,2024-07-19
24,7,73,2024-07-21
24,5,121,2024-07-31
24,4,129,2024-07-28
24,2,524,2024-07-14
24,9,130,2024-07-06
24,8,99,2024-07-23
24,4,139,2024-07-24
24,10,174,2024-07-30
24,3,496,2024-07-23
24,10,299,2024-07-17
24,10,192,2024-07-20
24,2,215,2024-07-03
24,6,543,2024-07-20
24,8,541,2024-07-04
24,10,334,2024-07-26
24,1,437,2024-07-04
25,7,44,2024-05-28
25,1,379,2024-06-01
25,10,76,2024-05-31
25,2,248,2024-06-07
25,6,215,2024-06-23
25,5,393,2024-06-14
25,5,347,2024-06-10
25,2,423,2024-06-23
25,5,115,2024-06-21
25,7,121,2024-05-26
25,8,539,2024-05-27
25,2,101,2024-06-14
25,10,389,2024-06-13
25,5,20,2024-06-22
25,6,537,2024-05-26
25,9,26,2024-05-30
25,9,323,2024-05-25
25,1,13,2024-06-12
25,9,371,2024-05-27
25,5,205,2024-06-18
25,6,387,2024-06-21
25,5,468,2024-05-29
25,8,104,2024-06-15
25,1,200,2024-06-17
25,2,212,2024-06-21
25,2,332,2024-06-06
25,10,551,2024-06-18
25,8,172,2024-06-02
25,8,498,2024-06-16
25,2,589,2024-06-21
25,2,527,2024-05-28
25,1,325,2024-06-15
25,9,330,2024-06-17
25,2,516,2024-07-20
25,5,60,2024-07-17
25,3,474,2024-07-12
25,7,14,2024-07-09
25,1,153,2024-07-15
25,1,279,2024-07-19
25,1,186,2024-07-08
25,4,158,2024-07-13
25,5,359,2024-07-18
25,2,446,2024-07-08
25,1,488,2024-07-12
25,9,17,2024-07-13
25,6,546,2024-07-14
25,9,202,2024-07-18
25,5,523,2024-07-21
25,10,445,2024-07-23
25,1,592,2024-07-01
25,3,16,2024-07-02
25,3,21,2024-07-12
25,4,288,2024-07-03
25,6,283,2024-07-14
25,9,66,2024-07-03
25,5,259,2024-07-14
25,6,103,2024-06-25
25,7,1,2024-06-29
25,6,226,2024-07-09
25,10,121,2024-07-08
25,10,182,2024-07-01
25,10,543,2024-07-18
25,10,273,2024-07-08
25,8,420,2024-07-20
25,8,109,2024-07-16
25,9,187,2024-07-14
25,2,37,2024-07-20
25,9,508,2024-06-27
25,8,182,2024-07-04
25,1,496,2024-07-31
25,4,599,2024-08-12
25,5,463,2024-08-22
25,2,364,2024-07-26
25,4,271,2024-08-13
25,4,214,2024-08-11
25,6,59,2024-08-19
25,3,504,2024-07-26
25,8,413,2024-08-04
25,5,274,2024-08-16
25,2,118,2024-08-03
25,3,483,2024-08-04
25,3,78,2024-08-17
25,7,25,2024-08-14
25,10,171,2024-08-08
25,6,149,2024-09-21
25,4,480,2024-09-11
25,7,141,2024-08-29
25,4,521,2024-09-18
25,3,419,2024-08-29
25,1,512,2024-10-11
25,2,518,2024-10-16
25,3,396,2024-09-28
25,2,399,2024-10-17
26,4,42,2024-09-17
26,8,118,2024-10-03
27,10,441,2024-04-13
27,2,7,2024-04-16
27,7,190,2024-04-15
27,5,486,2024-04-12
27,10,364,2024-04-24
27,9,7,2024-04-14
27,5,367,2024-04-18
27,10,595,2024-04-24
27,8,471,2024-04-15
27,7,189,2024-04-15
27,2,403,2024-05-04
27,9,304,2024-04-27
27,10,590,2024-05-20
27,8,74,2024-06-12
27,3,147,2024-07-06
27,5,394,2024-06-27
27,6,105,2024-06-26
27,2,221,2024-07-05
27,2,367,2024-06-10
27,1,236,2024-07-01
27,8,444,2024-06-09
27,6,236,2024-06-16
27,1,235,2024-07-28
27,1,510,2024-07-16
27,5,569,2024-07-18
27,2,137,2024-08-01
27,7,163,2024-07-26
27,7,181,2024-07-30
27,4,281,2024-07-11
27,7,174,2024-08-01
27,2,302,2024-07-30
27,8,235,2024-07-11
27,1,302,2024-07-14
27,8,421,2024-08-04
27,8,546,2024-07-23
27,1,161,2024-07-23
27,4,374,2024-07-24
27,9,444,2024-07-25
27,5,197,2024-07-18
27,6,115,2024-08-02
27,1,276,2024-08-02
27,8,522,2024-07-17
27,1,233,2024-07-11
27,10,177,2024-08-02
27,6,164,2024-07-15
27,5,218,2024-07-22
27,7,56,2024-07-16
27,1,56,2024-07-30
27,4,253,2024-08-07
27,8,180,2024-07-14
27,7,52,2024-07-24
27,7,22,2024-08-06
27,8,570,2024-08-06
27,7,140,2024-07-15
27,7,106,2024-08-07
27,10,232,2024-07-17
27,9,354,2024-07-21
27,7,119,2024-07-12
27,9,428,2024-07-25
27,2,141,2024-08-06
27,2,284,2024-08-05
27,8,463,2024-07-09
27,4,140,2024-07-13
27,9,23,2024-07-16
27,9,333,2024-07-31
27,5,31,2024-07-13
27,10,363,2024-07-30
27,3,47,2024-08-15
27,7,166,2024-08-11
27,7,37,2024-08-31
27,2,598,2024-09-07
27,8,52,2024-09-04
27,1,337,2024-08-18
27,8,407,2024-09-05
27,10,381,2024-08-25
27,2,20,2024-08-24
27,1,208,2024-08-27
27,8,504,2024-08-16
27,6,550,2024-08-29
27,9,444,2024-08-20
27,7,145,2024-08-23
27,9,396,2024-09-02
27,7,146,2024-08-23
27,6,236,2024-08-19
27,4,163,2024-08-10
27,6,182,2024-09-02
27,5,210,2024-08-24
27,8,96,2024-09-07
27,10,86,2024-08-19
27,10,501,2024-09-05
27,6,133,2024-08-31
27,9,314,2024-09-04
27,6,46,2024-08-30
27,4,334,2024-09-15
27,5,162,2024-09-19
27,6,104,2024-09-09
27,6,34,2024-09-26
27,7,122,2024-09-25
27,6,318,2024-10-01
27,8,118,2024-10-03
27,3,212,2024-09-10
27,1,44,2024-09-20
27,1,394,2024-09-11
27,4,512,2024-09-26
28,6,379,2024-03-10
28,2,357,2024-03-18
28,8,204,2024-03-22
28,8,323,2024-03-19
28,5,499,2024-03-20
28,6,200,2024-03-17
28,2,295,2024-03-18
28,1,396,2024-03-14
28,10,129,2024-03-18
28,4,293,2024-03-21
28,8,311,2024-03-26
28,7,127,2024-03-11
28,1,94,2024-03-08
28,1,11,2024-03-10
28,3,447,2024-03-05
28,4,220,2024-03-26
28,7,83,2024-03-11
28,5,344,2024-03-17
28,1,396,2024-03-03
28,7,75,2024-03-30
28,2,359,2024-03-16
28,9,75,2024-03-03
28,7,75,2024-03-30
28,2,16,2024-03-08
28,5,593,2024-03-22
28,3,77,2024-03-06
28,2,297,2024-03-31
28,8,573,2024-03-27
28,7,103,2024-03-20
28,6,363,2024-03-30
28,7,19,2024-03-05
28,10,326,2024-03-18
28,9,165,2024-03-30
28,7,153,2024-03-02
28,1,530,2024-03-11
28,1,449,2024-03-14
28,5,340,2024-03-02
28,4,466,2024-03-10
28,1,439,2024-03-15
28,4,598,2024-03-30
28,9,514,2024-03-24
28,6,6,2024-03-21
28,5,118,2024-03-06
28,7,89,2024-03-27
28,7,167,2024-03-21
28,1,270,2024-03-25
28,4,149,2024-03-15
28,8,340,2024-03-30
28,8,344,2024-03-04
28,9,275,2024-03-02
28,2,79,2024-03-23
28,10,558,2024-03-18
28,1,589,2024-03-28
28,9,384,2024-03-15
28,8,319,2024-03-18
28,3,560,2024-03-15
28,1,177,2024-03-22
28,9,448,2024-03-12
28,9,202,2024-03-11
28,6,356,2024-03-25
28,7,23,2024-03-28
28,10,249,2024-03-14
28,5,134,2024-03-02
28,6,434,2024-03-23
28,9,125,2024-03-16
28,10,51,2024-03-25
28,6,253,2024-03-07
28,6,106,2024-03-02
28,4,268,2024-03-11
28,2,551,2024-03-08
28,4,564,2024-03-02
28,2,425,2024-03-27
28,8,128,2024-03-24
28,9,386,2024-03-07
28,3,415,2024-03-07
28,3,56,2024-03-12
28,4,138,2024-03-07
28,9,562,2024-03-19
28,7,143,2024-03-19
28,2,372,2024-03-10
28,8,514,2024-03-09
28,4,43,2024-03-27
28,7,166,2024-03-31
28,10,133,2024-03-12
28,1,290,2024-03-25
28,1,467,2024-03-03
28,5,148,2024-03-30
28,7,149,2024-03-25
28,4,396,2024-03-23
28,4,82,2024-03-02
28,1,270,2024-03-05
28,5,24,2024-03-29
28,7,24,2024-03-14
28,8,438,2024-03-27
28,2,336,2024-03-07
28,1,497,2024-03-12
28,3,163,2024-03-12
28,5,566,2024-03-08
28,10,285,2024-03-12
28,3,138,2024-03-28
28,10,431,2024-03-11
28,10,416,2024-03-27
28,3,385,2024-03-25
28,10,106,2024-03-03
28,1,376,2024-03-08
28,7,52,2024-03-28
28,9,534,2024-03-03
28,1,585,2024-03-21
28,5,356,2024-03-29
28,8,557,2024-03-05
28,9,105,2024-03-23
28,2,299,2024-03-08
28,9,48,2024-03-31
28,7,16,2024-03-02
28,3,549,2024-03-08
28,3,165,2024-03-30
28,1,192,2024-03-27
28,6,574,2024-03-09
28,1,578,2024-03-31
28,4,82,2024-03-12
28,9,202,2024-03-25
28,8,37,2024-03-05
28,9,402,2024-03-30
28,8,176,2024-03-02
28,10,467,2024-03-10
28,3,394,2024-03-02
28,10,597,2024-03-10
28,3,441,2024-04-06
28,9,506,2024-04-23
28,9,215,2024-04-08
28,8,236,2024-04-26
28,9,162,2024-04-10
28,1,225,2024-04-20
28,6,287,2024-04-03
28,9,62,2024-04-30
28,10,14,2024-04-05
28,4,520,2024-04-27
28,4,560,2024-04-22
28,4,446,2024-04-17
28,6,104,2024-04-07
28,10,101,2024-04-30
28,2,522,2024-04-11
28,7,1,2024-04-08
28,5,65,2024-04-16
28,4,188,2024-04-30
28,4,138,2024-04-24
28,9,546,2024-04-29
28,1,354,2024-04-08
28,10,65,2024-04-14
28,1,133,2024-04-17
28,1,540,2024-04-24
28,1,369,2024-04-03
28,10,99,2024-04-30
28,1,495,2024-04-10
28,10,520,2024-04-22
28,2,542,2024-04-18
28,4,560,2024-04-10
28,2,293,2024-04-02
28,4,356,2024-04-23
28,10,387,2024-04-10
28,6,215,2024-04-13
28,10,43,2024-04-11
28,6,130,2024-05-01
28,2,544,2024-04-11
28,1,584,2024-04-17
28,2,527,2024-04-22
28,8,330,2024-04-15
28,5,114,2024-04-20
28,6,379,2024-04-12
28,5,299,2024-04-21
28,4,178,2024-04-11
28,2,154,2024-05-01
28,9,115,2024-04-11
28,7,68,2024-04-30
28,6,359,2024-04-18
28,3,509,2024-04-20
28,1,477,2024-04-12
28,9,104,2024-04-12
28,7,154,2024-04-25
28,9,144,2024-05-10
28,3,85,2024-05-23
28,2,456,2024-05-28
28,9,112,2024-05-03
28,6,378,2024-06-29
28,5,105,2024-06-02
28,9,330,2024-06-24
28,4,382,2024-06-11
28,6,396,2024-06-14
28,1,464,2024-06-04
28,2,331,2024-06-30
28,9,285,2024-06-19
28,4,239,2024-06-15
28,2,310,2024-06-27
28,8,186,2024-06-19
28,9,253,2024-06-20
28,8,136,2024-06-04
28,3,236,2024-06-23
28,1,228,2024-06-18
28,3,521,2024-07-01
28,5,139,2024-06-21
28,3,53,2024-06-16
28,4,4,2024-06-28
28,8,47,2024-07-01
28,5,436,2024-06-21
28,4,205,2024-06-30
28,9,516,2024-06-13
28,9,77,2024-06-17
28,10,106,2024-06-14
28,7,58,2024-06-20
28,8,77,2024-06-14
28,10,540,2024-06-22
28,2,382,2024-06-23
28,10,142,2024-06-30
28,4,143,2024-06-02
28,1,152,2024-07-01
28,2,224,2024-06-12
28,8,3,2024-06-30
28,4,16,2024-06-15
28,5,177,2024-07-01
28,1,307,2024-06-23
28,1,332,2024-06-16
28,2,255,2024-06-29
28,7,94,2024-06-02
28,7,15,2024-06-21
28,10,558,2024-06-07
28,8,249,2024-06-23
28,9,564,2024-06-23
28,8,313,2024-06-20
28,2,20,2024-06-02
28,8,558,2024-06-10
28,2,343,2024-06-06
28,4,317,2024-07-16
28,1,131,2024-07-07
28,6,292,2024-07-19
28,9,338,2024-07-04
28,10,49,2024-07-08
28,9,133,2024-08-08
28,3,57,2024-08-25
28,3,111,2024-08-06
28,7,76,2024-08-31
28,4,329,2024-08-27
28,9,167,2024-08-27
28,2,23,2024-08-24
28,5,400,2024-08-10
28,3,52,2024-08-18
28,6,402,2024-08-20
28,9,300,2024-08-15
28,4,417,2024-08-25
28,4,522,2024-08-05
29,5,575,2024-05-07
29,9,268,2024-05-08
29,9,11,2024-04-26
29,2,511,2024-05-12
29,3,352,2024-05-04
29,1,209,2024-05-12
29,8,389,2024-04-26
29,3,147,2024-05-10
29,9,434,2024-05-03
29,1,386,2024-05-01
29,1,346,2024-05-13
29,9,400,2024-05-02
29,10,172,2024-05-03
29,8,183,2024-05-02
29,3,72,2024-04-19
29,2,283,2024-04-27
29,3,497,2024-04-25
29,4,447,2024-06-07
29,1,346,2024-07-04
29,7,160,2024-07-07
29,2,380,2024-07-06
29,8,11,2024-07-14
29,6,15,2024-06-27
29,9,411,2024-07-15
29,9,52,2024-07-15
29,10,229,2024-08-16
29,2,431,2024-07-23
29,7,58,2024-08-26
29,10,522,2024-09-02
29,7,156,2024-09-16
29,5,67,2024-09-04
29,5,101,2024-10-11
29,4,393,2024-09-24
29,10,381,2024-10-15
30,1,528,2024-05-09
30,1,569,2024-05-17
30,2,466,2024-04-24
30,2,584,2024-04-23
30,7,151,2024-05-09
30,10,313,2024-04-30
30,7,137,2024-05-30
30,10,131,2024-05-20
30,1,351,2024-06-06
30,2,480,2024-06-11
30,3,96,2024-05-23
30,5,353,2024-06-06
30,3,225,2024-06-14
30,5,118,2024-05-19
30,3,107,2024-06-16
30,6,244,2024-05-26
30,7,179,2024-06-26
30,5,590,2024-07-15
30,10,253,2024-06-30
30,3,149,2024-07-14
30,8,538,2024-07-30
30,8,82,2024-07-29
30,4,273,2024-07-21
30,4,330,2024-08-11
30,10,99,2024-10-14
30,9,146,2024-10-09
30,1,189,2024-10-03
30,7,131,2024-10-10
30,4,271,2024-09-25
30,6,114,2024-10-06
30,8,359,2024-09-27
30,6,334,2024-10-04
30,9,339,2024-10-17
30,5,199,2024-10-06
30,4,472,2024-09-19
31,5,244,2024-02-23
31,9,591,2024-03-01
31,10,342,2024-03-15
31,8,221,2024-02-25
31,10,46,2024-03-11
31,9,187,2024-05-14
31,3,442,2024-06-10
31,5,91,2024-06-23
31,10,65,2024-08-09
31,4,157,2024-08-10
32,4,568,2024-03-04
32,10,240,2024-03-10
32,9,139,2024-02-29
32,6,385,2024-03-11
32,6,205,2024-03-11
32,8,431,2024-03-15
32,5,442,2024-02-22
32,2,64,2024-02-25
32,10,560,2024-02-28
32,2,60,2024-03-02
32,1,577,2024-03-04
32,1,38,2024-03-14
32,10,461,2024-03-16
32,1,357,2024-02-27
32,9,433,2024-03-05
32,8,433,2024-03-04
32,8,577,2024-03-01
32,5,449,2024-03-14
32,1,490,2024-02-28
32,3,49,2024-03-08
32,2,2,2024-02-27
32,8,145,2024-03-17
32,4,573,2024-03-06
32,1,444,2024-03-09
32,2,555,2024-03-14
32,2,178,2024-02-23
32,10,271,2024-02-19
32,7,148,2024-02-24
32,8,374,2024-03-05
32,2,65,2024-03-13
32,8,204,2024-03-06
32,9,476,2024-03-18
32,3,539,2024-03-11
32,10,61,2024-03-15
32,9,237,2024-02-21
32,5,558,2024-03-10
32,10,80,2024-02-25
32,4,473,2024-02-29
32,4,292,2024-03-11
32,6,383,2024-03-06
32,3,486,2024-03-11
32,5,555,2024-03-05
32,3,549,2024-03-03
32,1,547,2024-02-22
32,5,147,2024-03-15
32,1,375,2024-03-15
32,8,449,2024-03-01
32,4,427,2024-02-23
32,2,166,2024-03-10
32,9,461,2024-02-29
32,2,364,2024-02-26
32,10,205,2024-03-14
32,1,472,2024-02-21
32,4,275,2024-02-25
32,9,566,2024-02-26
32,6,573,2024-03-12
32,2,178,2024-03-07
32,1,462,2024-03-05
32,1,384,2024-02-25
32,5,464,2024-03-08
32,1,123,2024-03-15
32,6,562,2024-03-06
32,7,54,2024-03-11
32,5,235,2024-02-22
32,4,216,2024-03-12
32,9,90,2024-02-22
32,7,45,2024-03-01
32,1,533,2024-03-08
32,5,52,2024-03-07
32,4,67,2024-03-18
32,1,300,2024-02-28
32,8,68,2024-03-15
32,5,51,2024-03-10
32,4,591,2024-03-06
32,3,586,2024-03-04
32,10,184,2024-03-12
32,2,129,2024-02-21
32,5,186,2024-03-16
32,1,67,2024-02-23
32,3,285,2024-03-14
32,1,100,2024-03-18
32,10,388,2024-03-06
32,2,417,2024-03-11
32,3,471,2024-03-10
32,9,452,2024-03-10
32,5,171,2024-03-10
32,10,41,2024-03-15
32,3,294,2024-03-13
32,9,541,2024-03-04
32,7,60,2024-02-21
32,1,61,2024-03-11
32,3,334,2024-03-06
32,9,142,2024-03-01
32,1,333,2024-02-24
32,1,396,2024-03-12
32,3,423,2024-02-19
32,1,325,2024-02-24
32,9,112,2024-03-03
32,1,564,2024-02-28
32,8,74,2024-02-27
32,3,564,2024-02-20
32,1,412,2024-03-08
32,7,109,2024-03-02
32,1,248,2024-02-23
32,8,67,2024-03-18
32,7,152,2024-03-11
32,7,30,2024-03-17
32,8,309,2024-03-25
32,1,113,2024-04-15
32,8,463,2024-04-07
32,1,39,2024-05-10
32,10,161,2024-04-19
32,8,528,2024-05-09
32,7,127,2024-05-14
32,7,82,2024-05-18
32,4,42,2024-04-30
32,1,115,2024-05-14
32,9,106,2024-05-07
32,8,387,2024-04-20
32,1,408,2024-04-27
32,2,21,2024-05-07
32,9,203,2024-04-19
32,5,167,2024-05-08
32,8,521,2024-05-13
32,9,258,2024-05-07
32,4,490,2024-04-27
32,10,326,2024-05-05
32,9,486,2024-04-22
32,4,387,2024-05-11
32,3,154,2024-05-12
32,4,264,2024-05-05
32,5,493,2024-05-13
32,1,411,2024-05-01
32,4,472,2024-05-02
32,3,37,2024-04-25
32,1,31,2024-05-11
32,8,544,2024-05-13
32,6,342,2024-04-20
32,4,184,2024-06-01
32,1,10,2024-06-03
32,4,475,2024-06-15
32,4,97,2024-06-03
32,3,278,2024-05-27
32,9,457,2024-06-14
32,1,8,2024-06-03
32,2,123,2024-05-19
32,1,204,2024-05-24
32,9,517,2024-06-14
32,2,339,2024-06-09
32,8,387,2024-06-13
32,9,506,2024-05-23
32,7,168,2024-06-06
32,2,95,2024-05-19
32,2,231,2024-06-03
32,6,425,2024-05-25
32,5,368,2024-06-12
32,1,576,2024-07-15
32,9,269,2024-06-26
32,8,268,2024-06-27
32,3,33,2024-07-13
32,6,562,2024-07-12
32,9,489,2024-07-06
32,2,29,2024-06-25
32,4,173,2024-07-05
32,8,226,2024-07-02
32,3,197,2024-07-02
32,3,23,2024-06-25
32,2,237,2024-07-17
32,7,155,2024-07-10
32,10,473,2024-07-01
32,9,229,2024-07-17
32,6,561,2024-06-27
32,4,258,2024-07-12
32,2,123,2024-07-10
32,8,59,2024-06-19
32,1,260,2024-07-09
32,9,254,2024-06-25
32,7,69,2024-06-23
32,1,542,2024-06-27
32,6,89,2024-07-07
32,5,266,2024-07-04
32,5,207,2024-07-01
32,8,427,2024-07-06
32,8,420,2024-07-14
32,10,415,2024-06-19
32,5,77,2024-06-19
32,3,579,2024-07-25
32,4,163,2024-08-02
32,8,195,2024-08-16
32,7,82,2024-07-29
32,1,486,2024-07-26
32,1,413,2024-07-28
32,9,147,2024-07-21
32,4,143,2024-07-19
32,9,365,2024-08-13
32,4,481,2024-08-07
32,1,517,2024-07-23
32,7,14,2024-07-26
32,4,487,2024-08-07
33,6,165,2024-03-16
33,6,218,2024-02-24
33,3,306,2024-03-21
33,3,257,2024-03-01
33,6,450,2024-03-01
33,6,48,2024-03-16
33,1,183,2024-03-12
33,8,86,2024-02-26
33,8,137,2024-03-19
33,2,336,2024-02-28
33,5,469,2024-03-19
33,3,540,2024-03-01
33,8,485,2024-03-17
33,10,223,2024-03-17
33,3,434,2024-03-02
33,2,492,2024-03-22
33,2,420,2024-03-18
33,9,164,2024-03-02
33,6,417,2024-03-03
33,6,345,2024-03-22
33,2,70,2024-03-11
33,4,592,2024-03-08
33,8,269,2024-03-16
33,9,529,2024-03-11
33,6,567,2024-03-12
33,9,303,2024-03-16
33,6,541,2024-03-15
33,1,560,2024-02-27
33,10,503,2024-03-03
33,3,101,2024-02-29
33,3,141,2024-03-03
33,2,228,2024-03-18
33,8,519,2024-03-07
33,7,46,2024-03-15
33,5,381,2024-03-21
33,1,260,2024-03-03
33,3,308,2024-03-02
33,3,70,2024-02-28
33,7,57,2024-03-05
33,7,144,2024-03-17
33,5,425,2024-03-03
33,5,348,2024-03-23
33,2,44,2024-03-20
33,3,377,2024-02-29
33,1,402,2024-02-23
33,5,59,2024-04-19
33,2,353,2024-03-29
33,1,583,2024-05-02
33,6,245,2024-04-25
33,3,267,2024-06-20
33,9,25,2024-06-07
33,4,114,2024-05-26
33,6,166,2024-06-12
33,1,86,2024-06-21
33,1,382,2024-06-05
33,9,318,2024-05-25
33,10,525,2024-05-25
33,2,256,2024-06-10
33,6,144,2024-06-09
33,7,45,2024-05-26
33,9,298,2024-05-31
33,7,15,2024-06-19
33,8,467,2024-06-02
33,5,234,2024-06-07
33,7,77,2024-05-30
33,9,491,2024-06-02
33,7,122,2024-06-07
33,10,381,2024-06-15
33,9,364,2024-06-01
33,2,146,2024-05-26
33,9,135,2024-06-09
33,8,64,2024-06-02
33,7,41,2024-05-30
33,3,110,2024-06-20
33,2,368,2024-06-11
33,6,4,2024-06-16
33,4,166,2024-06-17
33,10,17,2024-06-15
33,3,543,2024-06-04
33,6,400,2024-06-06
33,2,101,2024-06-07
33,1,163,2024-06-11
33,6,547,2024-06-19
33,7,125,2024-05-28
33,9,533,2024-06-11
33,3,307,2024-06-10
33,7,77,2024-06-03
33,1,243,2024-06-20
33,8,409,2024-06-14
33,7,92,2024-06-06
33,8,38,2024-06-02
33,3,527,2024-05-23
33,7,1,2024-06-08
33,9,413,2024-06-17
33,7,173,2024-06-02
33,4,481,2024-05-29
33,6,51,2024-06-08
33,4,67,2024-05-23
33,2,481,2024-06-11
33,4,471,2024-06-04
33,8,591,2024-05-28
33,1,439,2024-06-10
33,6,464,2024-06-15
33,7,10,2024-06-13
33,9,433,2024-06-08
33,1,440,2024-06-03
33,10,311,2024-06-10
33,2,463,2024-06-06
33,8,550,2024-05-25
33,6,255,2024-06-07
33,2,95,2024-06-19
33,7,171,2024-06-17
33,7,24,2024-06-11
33,7,68,2024-06-20
33,5,55,2024-06-20
33,10,211,2024-06-17
33,5,115,2024-06-12
33,3,122,2024-06-02
33,7,125,2024-06-08
33,9,501,2024-05-31
33,10,589,2024-06-06
33,6,127,2024-05-27
33,3,91,2024-06-18
33,8,544,2024-06-11
33,10,269,2024-06-20
33,3,61,2024-06-13
33,8,95,2024-05-31
33,6,514,2024-06-09
33,9,194,2024-05-24
33,3,336,2024-06-10
33,4,249,2024-06-09
33,4,466,2024-06-01
33,1,154,2024-06-15
33,9,279,2024-06-15
33,4,276,2024-06-04
33,2,88,2024-06-18
33,2,505,2024-06-05
33,4,241,2024-06-04
33,4,236,2024-06-13
33,7,134,2024-06-13
33,10,492,2024-06-12
33,10,416,2024-06-11
33,10,29,2024-05-31
33,4,162,2024-05-27
33,4,61,2024-06-20
33,8,71,2024-05-28
33,2,243,2024-06-01
33,9,221,2024-06-16
33,5,494,2024-05-25
33,7,145,2024-06-23
33,10,114,2024-07-18
33,3,508,2024-06-23
33,5,35,2024-06-23
33,8,588,2024-07-19
33,6,595,2024-07-17
33,9,32,2024-07-04
33,1,435,2024-06-28
33,8,196,2024-06-27
33,9,86,2024-07-20
33,7,23,2024-06-26
33,4,516,2024-07-22
33,5,105,2024-06-24
33,7,49,2024-07-08
33,1,340,2024-07-18
33,7,98,2024-07-03
33,2,578,2024-07-21
33,7,41,2024-07-14
33,10,42,2024-07-21
33,9,507,2024-07-09
33,9,292,2024-07-01
33,4,560,2024-07-11
33,1,95,2024-06-28
33,10,336,2024-06-26
33,6,77,2024-07-08
33,4,221,2024-06-28
33,10,331,2024-07-16
33,3,74,2024-07-21
33,1,332,2024-07-06
33,9,584,2024-07-03
33,4,455,2024-07-02
33,3,313,2024-07-18
33,4,245,2024-07-10
33,10,528,2024-07-14
33,10,465,2024-07-06
33,6,19,2024-06-24
33,7,73,2024-07-20
33,3,409,2024-07-08
33,2,407,2024-07-13
33,5,39,2024-07-01
33,4,414,2024-07-05
33,10,61,2024-06-26
33,3,354,2024-07-01
33,2,486,2024-06-27
33,5,180,2024-07-14
33,5,443,2024-06-26
33,9,93,2024-07-14
33,10,208,2024-07-02
33,10,573,2024-07-11
33,10,318,2024-07-09
33,5,378,2024-06-28
33,8,187,2024-07-07
33,9,187,2024-07-11
33,2,132,2024-06-30
33,8,99,2024-07-02
33,6,171,2024-08-05
33,5,19,2024-07-24
33,9,95,2024-08-08
33,9,593,2024-08-06
33,7,54,2024-08-14
33,3,318,2024-07-25
33,1,580,2024-08-19
33,2,282,2024-07-30
33,3,8,2024-07-23
33,3,491,2024-08-12
33,8,249,2024-08-02
33,3,93,2024-08-12
33,10,268,2024-07-23
33,8,583,2024-08-08
33,10,10,2024-08-19
33,6,273,2024-08-09
33,5,210,2024-08-21
33,10,464,2024-07-30
33,8,416,2024-08-15
33,6,547,2024-07-23
33,2,165,2024-08-04
33,10,346,2024-08-05
33,1,448,2024-07-23
33,9,34,2024-07-29
33,10,80,2024-07-27
33,1,282,2024-08-07
33,3,378,2024-08-06
33,5,298,2024-08-20
33,10,509,2024-08-13
33,2,365,2024-07-25
33,1,474,2024-07-25
33,9,234,2024-08-18
33,6,390,2024-08-11
33,8,149,2024-07-29
33,9,256,2024-08-21
33,5,59,2024-08-21
33,5,446,2024-07-26
33,6,227,2024-08-08
33,2,184,2024-08-15
33,2,318,2024-08-13
33,5,293,2024-07-27
33,5,447,2024-07-25
33,4,412,2024-08-19
33,2,244,2024-07-26
33,1,154,2024-08-07
33,8,273,2024-07-30
33,7,57,2024-07-30
33,5,568,2024-08-21
33,10,176,2024-08-03
33,3,447,2024-08-01
33,7,148,2024-07-27
33,9,327,2024-08-11
33,6,334,2024-08-02
33,7,29,2024-08-01
33,9,330,2024-08-10
33,8,95,2024-08-08
33,9,353,2024-07-24
33,8,265,2024-07-29
33,3,499,2024-08-02
33,10,525,2024-08-03
33,5,458,2024-08-11
33,2,92,2024-08-15
33,5,37,2024-08-20
33,10,566,2024-07-24
33,2,137,2024-08-21
33,6,559,2024-07-27
33,1,243,2024-08-10
33,3,343,2024-08-01
33,2,146,2024-07-25
33,10,252,2024-08-14
33,3,311,2024-08-16
33,10,492,2024-08-18
33,4,487,2024-08-16
33,8,72,2024-07-31
33,5,94,2024-08-12
33,3,437,2024-08-07
33,8,492,2024-08-12
33,4,40,2024-07-29
33,6,581,2024-08-05
33,5,170,2024-08-09
33,4,584,2024-08-15
33,1,341,2024-08-16
33,10,464,2024-08-14
33,10,373,2024-07-23
33,6,108,2024-07-30
33,7,162,2024-08-03
33,5,398,2024-08-07
33,4,586,2024-08-08
33,6,235,2024-07-31
33,5,157,2024-07-28
33,9,24,2024-08-16
33,4,592,2024-07-28
33,5,213,2024-07-26
33,2,348,2024-07-28
33,9,348,2024-08-08
33,7,179,2024-07-23
33,4,466,2024-07-25
33,2,158,2024-07-24
33,10,227,2024-07-29
33,8,243,2024-08-09
33,8,371,2024-08-14
34,7,109,2024-04-06
34,8,19,2024-04-19
34,4,371,2024-04-09
34,4,221,2024-04-24
34,5,437,2024-04-22
34,10,375,2024-04-13
34,7,157,2024-05-20
34,6,391,2024-05-05
34,5,530,2024-05-23
34,6,385,2024-05-04
34,3,300,2024-05-15
34,3,308,2024-05-28
34,8,208,2024-05-09
34,3,26,2024-05-15
34,6,186,2024-05-04
34,8,51,2024-05-27
34,5,589,2024-05-16
34,1,205,2024-05-22
34,5,8,2024-05-25
34,8,32,2024-05-24
34,3,228,2024-05-27
34,4,207,2024-05-30
34,5,557,2024-05-09
34,9,234,2024-05-29
34,1,142,2024-05-08
34,1,592,2024-05-18
34,7,88,2024-05-17
34,3,567,2024-05-13
34,9,440,2024-05-24
34,9,419,2024-05-24
34,1,8,2024-05-29
34,7,173,2024-05-08
34,1,503,2024-05-14
34,5,478,2024-05-21
34,7,127,2024-05-27
34,3,390,2024-05-23
34,1,300,2024-05-18
34,4,232,2024-05-27
34,10,278,2024-05-01
34,9,24,2024-06-15
34,4,525,2024-06-27
34,5,327,2024-06-08
34,5,489,2024-06-14
34,10,588,2024-06-04
34,4,573,2024-06-08
34,1,424,2024-06-21
34,1,68,2024-06-24
34,5,391,2024-06-01
34,9,259,2024-06-12
34,3,95,2024-06-22
34,10,246,2024-06-29
34,6,373,2024-06-28
34,6,408,2024-06-29
34,1,341,2024-06-19
34,2,170,2024-06-07
34,5,236,2024-06-16
34,9,277,2024-06-18
34,3,527,2024-06-05
34,3,574,2024-06-23
34,5,549,2024-06-06
34,7,26,2024-06-10
34,8,516,2024-06-21
34,5,488,2024-06-25
34,7,143,2024-06-21
34,9,293,2024-07-25
34,10,431,2024-07-28
34,4,565,2024-07-20
34,2,76,2024-07-01
34,8,7,2024-08-04
34,6,52,2024-08-15
34,7,140,2024-08-29
34,1,277,2024-08-15
34,10,464,2024-08-15
34,10,575,2024-08-04
34,7,93,2024-08-09
34,5,52,2024-08-09
34,5,569,2024-08-24
34,4,43,2024-08-07
34,5,260,2024-08-05
34,5,255,2024-08-09
34,9,502,2024-08-30
34,4,255,2024-08-02
34,3,242,2024-08-21
34,5,453,2024-09-09
34,4,538,2024-09-18
34,3,131,2024-09-09
34,4,256,2024-09-17
34,1,63,2024-09-23
34,7,34,2024-09-09
34,9,15,2024-09-15
34,3,412,2024-09-03
34,6,260,2024-09-24
34,5,193,2024-09-09
34,1,374,2024-09-01
34,3,495,2024-09-26
34,5,415,2024-09-26
35,9,330,2024-01-29
35,9,47,2024-02-01
35,5,314,2024-01-28
35,8,486,2024-01-21
35,10,27,2024-02-07
35,5,253,2024-01-10
35,9,564,2024-02-06
35,2,96,2024-02-07
35,9,231,2024-01-17
35,3,246,2024-01-24
35,10,278,2024-02-07
35,1,128,2024-01-22
35,3,128,2024-01-12
35,3,394,2024-02-05
35,10,280,2024-01-22
35,5,132,2024-01-22
35,9,441,2024-01-26
35,2,120,2024-01-14
35,7,1,2024-02-06
35,10,149,2024-01-20
35,3,44,2024-01-23
35,2,162,2024-02-03
35,4,448,2024-01-29
35,7,144,2024-01-19
35,3,467,2024-02-15
35,3,187,2024-03-01
35,4,243,2024-02-17
35,10,541,2024-02-24
35,7,23,2024-02-27
35,3,540,2024-03-06
35,10,175,2024-02-13
35,7,66,2024-02-12
35,7,55,2024-02-25
35,10,531,2024-03-08
35,1,147,2024-02-14
35,7,20,2024-02-22
35,1,306,2024-03-08
35,3,260,2024-03-02
35,6,101,2024-02-16
35,2,353,2024-02-21
35,10,296,2024-02-10
35,2,156,2024-02-19
35,6,465,2024-03-06
35,3,455,2024-02-21
35,8,332,2024-02-12
35,1,348,2024-02-18
35,10,598,2024-02-15
35,6,424,2024-03-14
35,2,364,2024-04-06
35,2,250,2024-03-25
35,5,545,2024-03-21
35,5,368,2024-04-03
35,4,286,2024-03-21
35,3,121,2024-03-26
35,4,188,2024-03-20
35,8,586,2024-03-17
35,4,71,2024-03-23
35,2,43,2024-03-17
35,5,535,2024-03-23
35,2,573,2024-03-28
35,9,308,2024-04-13
35,6,334,2024-06-06
35,6,458,2024-05-12
35,4,409,2024-05-31
35,7,47,2024-06-08
35,5,158,2024-06-06
35,4,235,2024-07-01
35,5,257,2024-06-14
35,5,558,2024-06-18
35,1,47,2024-06-30
35,7,59,2024-07-01
35,6,524,2024-07-02
35,6,144,2024-07-05
35,5,585,2024-06-23
35,8,270,2024-06-21
35,10,222,2024-06-29
35,4,538,2024-06-30
35,3,392,2024-07-02
35,5,419,2024-06-30
35,3,186,2024-06-14
35,1,160,2024-06-15
35,10,224,2024-06-29
36,3,232,2024-05-04
36,7,50,2024-05-20
36,8,88,2024-05-18
36,6,14,2024-05-03
36,9,34,2024-05-26
36,7,80,2024-06-04
36,1,545,2024-06-09
36,4,420,2024-06-04
36,3,423,2024-06-26
36,8,70,2024-06-13
36,8,104,2024-06-20
36,6,330,2024-06-13
36,6,216,2024-05-29
36,5,435,2024-06-09
36,8,27,2024-06-03
36,2,383,2024-06-10
36,7,77,2024-06-18
36,8,245,2024-06-14
36,9,418,2024-06-01
36,2,254,2024-07-23
36,5,37,2024-07-15
36,6,13,2024-07-21
36,1,265,2024-07-22
36,8,119,2024-07-03
36,3,447,2024-07-26
36,9,46,2024-07-20
36,5,3,2024-07-26
36,7,146,2024-07-31
36,2,389,2024-08-04
36,10,571,2024-08-08
36,10,303,2024-08-10
36,1,362,2024-08-22
36,1,97,2024-08-27
36,10,376,2024-08-03
37,8,599,2024-04-24
37,7,76,2024-04-28
37,2,596,2024-04-21
37,3,560,2024-04-30
37,8,140,2024-04-12
37,6,282,2024-04-21
37,2,360,2024-04-27
37,6,104,2024-05-03
37,1,573,2024-04-15
37,1,13,2024-04-22
37,9,95,2024-04-30
37,5,25,2024-04-19
37,9,166,2024-04-14
37,1,87,2024-04-17
37,6,491,2024-04-15
37,4,103,2024-04-05
37,6,575,2024-04-09
37,2,254,2024-04-23
37,8,520,2024-04-11
37,1,546,2024-04-15
37,4,483,2024-04-17
37,6,343,2024-04-11
37,7,179,2024-04-25
37,5,351,2024-04-16
37,10,84,2024-04-04
37,7,24,2024-04-05
37,7,166,2024-04-08
37,4,226,2024-04-13
37,6,448,2024-04-21
37,10,502,2024-05-01
37,9,250,2024-04-24
37,9,125,2024-04-20
37,5,137,2024-04-26
37,6,150,2024-04-14
37,7,177,2024-04-07
37,1,532,2024-04-04
37,9,492,2024-04-07
37,6,77,2024-04-10
37,8,412,2024-04-16
37,9,217,2024-04-27
37,10,11,2024-04-15
37,3,373,2024-04-20
37,3,576,2024-05-02
37,4,319,2024-04-15
37,5,168,2024-04-16
37,4,58,2024-04-08
37,2,591,2024-04-15
37,1,121,2024-04-18
37,2,582,2024-04-20
37,1,505,2024-04-23
37,9,315,2024-04-08
37,7,161,2024-04-09
37,8,145,2024-04-28
37,3,385,2024-04-16
37,6,518,2024-04-04
37,3,407,2024-04-13
37,3,403,2024-04-22
37,7,68,2024-04-23
37,3,42,2024-04-30
37,9,196,2024-04-27
37,6,62,2024-04-10
37,7,178,2024-04-23
37,10,410,2024-04-25
37,3,317,2024-04-23
37,10,464,2024-04-25
37,1,396,2024-04-13
37,1,264,2024-04-24
37,6,274,2024-04-05
37,9,26,2024-04-24
37,4,26,2024-04-05
37,8,138,2024-04-19
37,7,107,2024-04-21
37,6,462,2024-04-11
37,7,143,2024-04-20
37,5,407,2024-05-03
37,7,99,2024-04-10
37,5,476,2024-04-19
37,8,487,2024-04-09
37,2,502,2024-04-16
37,9,447,2024-05-05
37,1,475,2024-06-01
37,5,427,2024-05-25
37,3,290,2024-05-19
37,7,97,2024-05-28
37,7,102,2024-05-16
37,2,227,2024-05-04
37,10,389,2024-05-28
37,6,5,2024-05-31
37,3,533,2024-05-27
37,2,277,2024-05-25
37,10,360,2024-05-18
37,5,57,2024-05-30
37,7,150,2024-05-07
37,2,120,2024-05-09
37,3,167,2024-05-13
37,7,70,2024-05-19
37,2,401,2024-05-16
37,1,326,2024-05-08
37,9,247,2024-05-21
37,7,175,2024-05-06
37,1,62,2024-05-15
37,3,567,2024-05-15
37,2,253,2024-06-02
37,1,160,2024-05-04
37,6,205,2024-05-14
37,10,368,2024-05-30
37,10,567,2024-05-23
37,1,17,2024-05-07
37,5,430,2024-05-23
37,10,174,2024-05-31
37,1,154,2024-05-26
37,2,304,2024-06-01
37,2,360,2024-05-31
37,10,581,2024-05-13
37,2,533,2024-05-27
37,6,446,2024-05-12
37,5,125,2024-05-05
37,2,236,2024-05-05
37,10,353,2024-05-07
37,10,559,2024-05-08
37,9,124,2024-05-08
37,2,201,2024-05-09
37,2,462,2024-05-22
37,8,273,2024-05-31
37,3,93,2024-05-13
37,1,379,2024-05-14
37,8,65,2024-05-16
37,5,484,2024-05-10
37,5,24,2024-05-31
37,1,229,2024-05-23
37,3,421,2024-05-29
37,3,432,2024-05-11
37,3,193,2024-05-12
37,9,118,2024-05-29
37,1,34,2024-05-12
37,8,525,2024-05-08
37,9,89,2024-05-18
37,4,522,2024-05-31
37,9,134,2024-05-30
37,8,318,2024-05-23
37,3,586,2024-05-18
37,7,36,2024-05-17
37,8,369,2024-05-24
37,2,579,2024-06-02
37,6,460,2024-05-25
37,5,522,2024-05-12
37,1,397,2024-05-06
37,3,288,2024-05-14
37,6,536,2024-05-06
37,3,168,2024-05-25
37,10,355,2024-05-07
37,1,11,2024-05-09
37,9,409,2024-05-13
37,3,3,2024-05-23
37,7,176,2024-05-06
37,10,472,2024-05-14
37,8,134,2024-05-23
37,5,236,2024-05-19
37,2,13,2024-05-25
37,3,559,2024-05-25
37,5,494,2024-05-21
37,5,526,2024-05-28
37,8,279,2024-05-18
37,3,90,2024-05-23
37,6,595,2024-05-30
37,9,360,2024-05-09
37,4,215,2024-06-01
37,3,463,2024-05-27
37,1,128,2024-05-22
37,5,325,2024-05-29
37,2,584,2024-05-08
37,7,127,2024-05-19
37,7,78,2024-05-08
37,8,132,2024-05-07
37,8,273,2024-05-18
37,4,349,2024-05-07
37,6,357,2024-05-19
37,9,48,2024-05-13
37,9,36,2024-06-01
37,4,44,2024-05-27
37,10,255,2024-05-07
37,2,397,2024-05-17
37,2,277,2024-05-19
37,6,441,2024-05-08
37,6,67,2024-05-19
37,4,548,2024-05-04
37,5,27,2024-05-30
37,8,248,2024-05-08
37,10,322,2024-05-15
37,6,529,2024-05-10
37,4,293,2024-05-09
37,1,180,2024-05-27
37,5,235,2024-05-27
37,1,8,2024-05-30
37,4,91,2024-05-25
37,2,5,2024-05-21
37,3,219,2024-05-25
37,1,582,2024-05-22
37,7,50,2024-05-17
37,6,207,2024-05-18
37,1,555,2024-05-30
37,9,221,2024-05-31
37,5,70,2024-05-05
37,6,427,2024-05-07
37,8,443,2024-05-28
37,9,504,2024-05-06
37,10,171,2024-05-30
37,4,129,2024-05-28
37,5,246,2024-05-19
37,3,368,2024-05-14
37,10,567,2024-05-04
37,10,156,2024-05-24
37,10,25,2024-05-09
37,5,536,2024-05-31
37,3,434,2024-05-18
37,2,565,2024-05-13
37,7,168,2024-05-13
37,8,204,2024-05-11
37,10,43,2024-05-22
37,2,49,2024-05-22
37,9,503,2024-05-10
37,1,71,2024-05-23
37,7,80,2024-05-06
37,10,213,2024-05-24
37,5,599,2024-05-28
37,8,214,2024-05-10
37,9,516,2024-05-27
37,7,176,2024-05-22
37,10,81,2024-05-13
37,1,470,2024-06-02
37,1,309,2024-05-26
37,6,460,2024-05-28
37,6,20,2024-05-20
37,1,541,2024-05-19
37,3,16,2024-06-02
37,6,133,2024-05-27
37,7,127,2024-05-20
37,9,316,2024-05-30
37,5,276,2024-05-05
37,5,444,2024-05-10
37,9,566,2024-05-20
37,6,304,2024-05-31
37,6,112,2024-05-17
37,6,279,2024-06-02
37,4,13,2024-05-18
37,9,160,2024-05-29
37,2,181,2024-05-17
37,4,377,2024-05-07
37,8,168,2024-05-25
37,6,16,2024-05-30
37,8,253,2024-05-31
37,10,409,2024-05-24
37,1,289,2024-05-21
37,9,30,2024-06-22
37,4,325,2024-07-02
37,7,16,2024-06-25
37,5,584,2024-06-19
37,1,503,2024-07-01
37,6,107,2024-06-19
37,5,263,2024-06-22
37,1,265,2024-06-21
37,10,175,2024-06-06
37,8,476,2024-06-13
37,9,163,2024-06-25
37,7,111,2024-06-20
37,7,16,2024-06-24
37,8,511,2024-06-23
37,8,239,2024-06-08
37,6,220,2024-06-30
37,5,433,2024-06-10
37,6,386,2024-06-14
37,7,118,2024-06-24
37,8,594,2024-06-25
37,1,165,2024-06-17
37,6,519,2024-06-17
37,2,577,2024-06-09
37,3,77,2024-06-19
37,2,209,2024-07-02
37,4,522,2024-07-02
37,2,465,2024-06-25
37,4,490,2024-06-16
37,7,91,2024-06-25
37,5,589,2024-06-15
37,2,357,2024-06-28
37,9,58,2024-07-03
37,4,493,2024-07-02
37,3,75,2024-06-19
37,1,371,2024-06-14
37,9,590,2024-06-12
37,7,48,2024-06-06
37,3,164,2024-06-10
37,7,172,2024-07-03
37,2,188,2024-06-08
37,7,119,2024-06-25
37,10,531,2024-06-18
37,1,475,2024-06-21
37,2,382,2024-06-05
37,5,93,2024-06-04
37,10,468,2024-07-03
37,10,133,2024-06-21
37,5,314,2024-06-18
37,4,520,2024-06-20
37,5,474,2024-06-04
37,10,474,2024-06-07
37,8,193,2024-06-30
37,2,523,2024-06-26
37,2,65,2024-06-15
37,6,362,2024-06-21
37,1,286,2024-06-13
37,3,186,2024-07-03
37,5,464,2024-06-09
37,3,171,2024-06-24
37,2,502,2024-07-01
37,8,27,2024-06-25
37,4,408,2024-06-11
37,10,578,2024-06-11
37,6,368,2024-06-21
37,1,237,2024-06-26
37,10,376,2024-06-14
37,9,196,2024-06-10
37,8,290,2024-06-10
37,9,389,2024-06-18
37,2,563,2024-06-23
37,10,8,2024-06-20
37,8,375,2024-06-14
37,1,357,2024-07-03
37,6,551,2024-07-01
37,5,431,2024-06-22
37,9,525,2024-06-08
37,3,416,2024-06-06
37,3,337,2024-06-30
37,4,173,2024-06-11
37,3,64,2024-06-08
37,2,66,2024-06-14
37,7,67,2024-06-08
37,3,426,2024-06-22
37,8,178,2024-06-06
37,8,344,2024-06-20
37,8,202,2024-06-05
37,7,6,2024-06-05
37,5,375,2024-06-27
37,3,369,2024-07-02
37,7,53,2024-06-08
37,7,97,2024-06-11
37,10,117,2024-06-27
37,10,175,2024-06-13
37,5,295,2024-06-29
37,3,518,2024-06-24
37,9,36,2024-06-30
37,3,233,2024-06-27
37,6,497,2024-06-17
37,10,44,2024-06-30
37,1,470,2024-07-02
37,3,454,2024-06-16
37,3,333,2024-06-30
37,10,470,2024-06-24
37,4,376,2024-06-05
37,7,148,2024-06-21
37,7,141,2024-06-20
37,4,505,2024-06-17
37,4,13,2024-06-06
37,10,224,2024-06-17
37,3,385,2024-06-29
37,8,241,2024-06-06
37,3,397,2024-06-18
37,2,334,2024-06-24
37,10,3,2024-06-22
37,8,452,2024-06-07
37,3,495,2024-06-04
37,7,117,2024-06-23
37,4,376,2024-06-14
37,6,464,2024-06-17
37,1,238,2024-06-13
37,8,573,2024-06-17
37,2,598,2024-06-12
37,1,178,2024-06-08
37,6,307,2024-06-07
37,7,100,2024-06-28
37,10,50,2024-06-19
37,5,378,2024-07-01
37,8,538,2024-06-09
37,4,75,2024-06-06
37,5,275,2024-07-21
37,7,171,2024-07-08
37,9,255,2024-07-06
37,8,550,2024-07-07
37,9,245,2024-07-19
37,10,182,2024-07-17
37,9,199,2024-07-15
37,5,242,2024-07-07
37,2,227,2024-07-29
37,3,196,2024-07-09
37,3,458,2024-08-02
37,1,529,2024-07-19
37,9,201,2024-07-30
37,7,137,2024-07-15
37,7,41,2024-07-18
37,2,331,2024-07-14
37,8,480,2024-07-09
37,5,355,2024-07-11
37,2,107,2024-07-05
37,9,147,2024-07-10
37,2,296,2024-07-17
37,7,124,2024-07-24
37,4,209,2024-07-08
37,9,109,2024-07-28
37,2,105,2024-07-07
37,5,27,2024-07-11
37,1,273,2024-07-28
37,9,340,2024-07-16
37,2,544,2024-07-16
37,9,542,2024-07-23
37,6,316,2024-07-04
37,9,261,2024-07-06
37,4,321,2024-07-17
37,9,222,2024-07-27
37,4,462,2024-07-28
37,4,202,2024-07-06
37,7,135,2024-07-13
37,4,498,2024-07-14
37,9,504,2024-07-17
37,2,584,2024-07-30
37,10,165,2024-07-26
37,7,153,2024-07-06
37,10,228,2024-07-18
37,10,246,2024-07-19
37,3,116,2024-07-22
37,2,442,2024-07-15
37,9,16,2024-07-04
37,2,56,2024-07-18
37,7,28,2024-07-04
37,5,278,2024-07-24
37,4,269,2024-07-04
37,7,86,2024-07-19
37,3,79,2024-07-29
37,4,501,2024-07-15
37,1,373,2024-07-20
37,9,71,2024-07-12
37,6,71,2024-07-17
37,6,149,2024-07-17
37,2,456,2024-07-16
37,7,101,2024-07-28
37,1,244,2024-07-29
37,7,37,2024-07-17
37,5,520,2024-07-10
37,8,107,2024-07-31
37,10,530,2024-07-28
37,3,288,2024-07-25
37,2,461,2024-07-26
37,9,459,2024-07-04
37,8,194,2024-08-02
37,1,104,2024-07-05
37,6,325,2024-07-19
37,8,592,2024-07-16
37,10,31,2024-07-23
37,7,63,2024-07-19
37,2,411,2024-08-31
37,2,80,2024-08-23
37,10,540,2024-08-12
37,4,9,2024-08-18
37,3,588,2024-08-24
37,10,185,2024-08-09
37,3,569,2024-08-25
37,4,596,2024-08-27
37,7,17,2024-08-19
37,6,456,2024-08-22
37,9,78,2024-08-25
37,1,15,2024-08-21
37,5,113,2024-08-11
37,1,253,2024-08-28
37,10,227,2024-08-19
37,2,1,2024-08-12
37,4,161,2024-08-04
37,7,128,2024-08-21
37,7,188,2024-08-26
37,10,30,2024-08-28
37,7,45,2024-08-17
37,1,280,2024-08-23
37,8,335,2024-08-27
37,5,68,2024-08-25
37,2,386,2024-08-28
37,10,179,2024-08-18
37,10,376,2024-08-23
37,10,202,2024-09-01
37,7,165,2024-08-12
37,4,493,2024-08-21
37,1,66,2024-08-27
37,6,540,2024-08-31
37,5,493,2024-08-21
37,7,61,2024-08-17
37,5,75,2024-08-13
37,2,15,2024-08-10
37,9,199,2024-08-23
37,2,35,2024-08-05
37,5,471,2024-08-22
37,4,423,2024-08-31
37,6,147,2024-08-25
37,3,416,2024-08-18
37,7,121,2024-08-06
37,1,42,2024-08-18
37,6,14,2024-08-27
37,9,485,2024-09-01
37,8,295,2024-08-26
37,4,37,2024-08-19
37,3,159,2024-08-17
37,9,83,2024-08-15
37,4,560,2024-08-28
37,6,132,2024-08-20
37,8,302,2024-08-30
37,2,267,2024-08-14
37,8,246,2024-08-27
37,6,245,2024-08-24
37,10,410,2024-08-30
37,8,8,2024-08-31
37,8,290,2024-08-30
37,9,599,2024-09-15
37,6,220,2024-09-22
37,5,286,2024-09-16
37,8,189,2024-09-20
37,1,579,2024-09-17
37,10,328,2024-09-14
37,8,419,2024-09-10
37,3,4,2024-09-28
37,4,179,2024-09-08
37,7,20,2024-09-27
37,4,290,2024-09-29
37,6,389,2024-09-28
37,2,183,2024-09-24
37,2,72,2024-09-30
37,6,468,2024-09-16
37,4,578,2024-09-06
37,7,147,2024-09-16
37,5,310,2024-09-09
37,4,439,2024-09-10
37,4,263,2024-09-06
37,1,258,2024-09-13
37,9,24,2024-09-18
37,6,81,2024-09-21
37,4,465,2024-09-19
37,8,39,2024-09-23
37,9,283,2024-09-17
37,4,97,2024-09-13
37,1,497,2024-09-20
37,4,116,2024-09-26
37,2,328,2024-09-16
37,7,57,2024-10-03
37,6,148,2024-09-25
37,4,23,2024-09-12
37,3,579,2024-09-05
37,1,558,2024-09-20
37,3,222,2024-09-26
37,9,78,2024-09-05
37,7,18,2024-09-09
37,5,424,2024-10-01
37,2,464,2024-09-10
37,6,363,2024-09-18
37,8,194,2024-09-17
38,4,41,2024-01-31
38,4,441,2024-02-26
38,8,84,2024-02-10
38,8,519,2024-02-22
38,6,136,2024-02-19
38,5,172,2024-02-09
38,4,590,2024-02-24
38,2,539,2024-02-20
38,9,308,2024-01-31
38,5,530,2024-02-03
38,5,432,2024-02-16
38,8,72,2024-02-24
38,5,547,2024-02-13
38,9,466,2024-02-08
38,3,560,2024-02-18
38,8,177,2024-02-16
38,1,576,2024-02-04
38,6,25,2024-01-29
38,3,457,2024-02-09
38,6,94,2024-02-11
38,3,437,2024-02-11
38,2,378,2024-02-07
38,8,39,2024-02-06
38,1,135,2024-02-18
38,8,39,2024-01-31
38,3,47,2024-01-31
38,9,361,2024-03-11
38,2,368,2024-02-28
38,4,181,2024-04-17
38,5,155,2024-04-15
38,7,115,2024-04-14
38,3,99,2024-04-04
38,4,563,2024-04-06
38,4,169,2024-05-05
38,7,180,2024-05-20
38,1,422,2024-05-12
38,8,263,2024-04-29
38,7,157,2024-05-03
38,5,161,2024-05-26
38,2,591,2024-05-20
38,10,131,2024-05-02
38,2,108,2024-06-16
38,4,293,2024-06-04
38,3,444,2024-06-09
38,3,65,2024-06-21
38,7,172,2024-06-06
38,4,262,2024-06-21
38,9,468,2024-06-06
38,5,155,2024-06-09
38,9,498,2024-06-17
38,1,245,2024-06-08
38,10,354,2024-06-24
38,9,386,2024-06-19
38,8,414,2024-06-18
38,7,81,2024-05-31
38,7,16,2024-05-28
38,1,326,2024-06-16
38,3,236,2024-06-01
38,9,474,2024-06-22
38,10,442,2024-06-01
38,9,28,2024-06-22
38,4,305,2024-06-06
38,5,513,2024-06-18
38,10,570,2024-06-11
38,7,81,2024-06-22
38,4,409,2024-06-09
38,1,217,2024-06-04
38,5,23,2024-06-16
38,6,599,2024-06-07
38,6,267,2024-06-09
38,6,450,2024-06-17
38,3,247,2024-05-31
38,1,28,2024-06-24
38,6,271,2024-06-07
38,8,511,2024-05-30
38,6,317,2024-06-10
38,9,338,2024-06-15
38,10,492,2024-06-08
38,2,9,2024-06-13
38,1,440,2024-07-05
38,8,108,2024-07-18
38,1,23,2024-07-10
38,6,49,2024-07-11
38,1,358,2024-07-23
38,7,90,2024-07-23
38,1,416,2024-07-22
38,4,146,2024-07-27
38,10,408,2024-07-27
38,2,111,2024-07-09
38,9,50,2024-07-11
38,6,588,2024-07-17
38,7,158,2024-07-27
38,6,314,2024-07-27
38,9,569,2024-07-23
38,4,497,2024-06-29
38,8,78,2024-07-23
38,8,270,2024-06-29
38,4,193,2024-07-20
38,4,379,2024-07-11
38,8,409,2024-07-25
38,9,102,2024-07-19
38,10,422,2024-07-01
38,7,158,2024-07-21
38,3,291,2024-07-05
38,1,78,2024-07-03
38,10,441,2024-07-25
38,4,294,2024-07-13
38,5,92,2024-06-28
38,6,271,2024-07-09
38,3,559,2024-06-30
38,2,157,2024-07-01
38,10,115,2024-07-09
38,2,522,2024-07-13
38,6,533,2024-07-12
38,3,368,2024-07-27
38,5,213,2024-07-25
38,7,5,2024-07-04
38,9,402,2024-07-18
38,8,492,2024-07-17
38,2,586,2024-07-16
38,9,152,2024-07-21
38,8,550,2024-07-09
38,9,504,2024-07-16
38,1,351,2024-07-15
38,7,124,2024-07-19
38,2,40,2024-07-12
38,9,175,2024-07-04
39,4,91,2024-04-23
39,6,228,2024-05-27
39,4,43,2024-06-24
39,5,68,2024-07-21
39,10,230,2024-09-13
39,6,354,2024-09-10
39,8,473,2024-09-10
39,9,146,2024-09-29
39,7,179,2024-09-30
39,7,89,2024-09-27
39,10,494,2024-09-30
39,6,413,2024-09-23
39,9,191,2024-09-30
39,5,142,2024-09-22
39,9,167,2024-09-25
39,6,259,2024-10-10
39,8,111,2024-09-25
39,1,531,2024-09-19
39,2,510,2024-10-02
39,8,185,2024-10-06
39,3,310,2024-10-14
39,10,81,2024-10-09
39,3,432,2024-10-07
40,8,186,2024-01-14
40,10,204,2024-01-16
40,10,274,2024-01-16
40,3,500,2024-01-23
40,4,357,2024-01-09
40,10,256,2024-01-08
40,6,488,2024-01-29
40,1,569,2024-01-15
40,7,111,2024-02-03
40,9,469,2024-01-15
40,7,117,2024-01-22
40,8,311,2024-01-31
40,10,177,2024-01-19
40,9,167,2024-01-07
40,1,581,2024-01-30
40,9,236,2024-01-12
40,10,28,2024-01-14
40,6,27,2024-01-12
40,4,203,2024-01-27
40,2,99,2024-01-09
40,5,30,2024-01-27
40,6,572,2024-01-12
40,8,180,2024-02-04
40,6,444,2024-01-27
40,1,499,2024-01-24
40,9,421,2024-02-03
40,6,203,2024-01-22
40,4,468,2024-01-15
40,1,314,2024-01-09
40,5,23,2024-01-15
40,6,339,2024-01-19
40,7,110,2024-01-26
40,3,599,2024-02-02
40,7,100,2024-01-18
40,7,27,2024-01-20
40,2,223,2024-01-24
40,4,424,2024-01-09
40,10,415,2024-01-12
40,6,429,2024-01-15
40,9,393,2024-01-21
40,6,544,2024-01-08
40,10,142,2024-02-02
40,6,136,2024-01-10
40,5,312,2024-01-20
40,8,46,2024-01-18
40,6,84,2024-01-07
40,7,8,2024-01-15
40,2,52,2024-01-19
40,5,465,2024-01-27
40,6,380,2024-01-21
40,7,6,2024-01-10
40,3,357,2024-01-09
40,10,201,2024-01-12
40,6,286,2024-01-26
40,4,258,2024-02-01
40,4,490,2024-01-24
40,9,333,2024-01-24
40,2,43,2024-02-04
40,6,559,2024-01-20
40,7,157,2024-01-21
40,3,347,2024-01-15
40,5,37,2024-01-17
40,4,185,2024-01-30
40,4,372,2024-01-24
40,9,419,2024-01-10
40,7,90,2024-01-14
40,8,208,2024-01-26
40,7,17,2024-01-28
40,6,576,2024-01-18
40,2,312,2024-01-20
40,5,16,2024-01-11
40,2,244,2024-02-03
40,9,105,2024-01-28
40,9,420,2024-01-21
40,1,221,2024-01-07
40,8,441,2024-01-22
40,6,553,2024-02-18
40,3,167,2024-03-04
40,10,249,2024-02-13
40,5,111,2024-02-26
40,4,234,2024-03-01
40,10,381,2024-03-03
40,10,378,2024-02-16
40,1,245,2024-02-20
40,2,539,2024-02-15
40,7,176,2024-02-16
40,8,118,2024-02-15
40,6,23,2024-02-13
40,9,27,2024-03-01
40,1,596,2024-02-13
40,8,92,2024-02-25
40,4,300,2024-02-13
40,8,454,2024-03-02
40,9,59,2024-02-19
40,7,86,2024-02-23
40,1,342,2024-02-08
40,8,429,2024-02-24
40,8,256,2024-03-05
40,6,347,2024-02-20
40,7,56,2024-02-18
40,7,156,2024-02-20
40,9,516,2024-03-03
40,4,178,2024-02-09
40,1,17,2024-02-13
40,5,366,2024-02-08
40,3,488,2024-02-24
40,7,91,2024-02-15
40,6,370,2024-02-24
40,9,410,2024-03-01
40,9,82,2024-02-20
40,10,193,2024-02-16
40,4,74,2024-02-16
40,8,290,2024-03-06
40,8,193,2024-02-07
40,4,583,2024-02-15
40,5,407,2024-02-17
40,2,441,2024-02-25
40,8,564,2024-02-25
40,1,13,2024-03-07
40,6,300,2024-04-03
40,7,112,2024-03-15
40,5,42,2024-03-16
40,10,244,2024-04-04
40,1,437,2024-04-04
40,3,565,2024-03-27
40,1,430,2024-03-14
40,5,104,2024-03-19
40,1,380,2024-03-13
40,1,549,2024-03-31
40,6,154,2024-03-08
40,9,240,2024-03-28
40,5,204,2024-03-09
40,6,143,2024-04-04
40,4,300,2024-03-16
40,2,64,2024-04-04
40,3,9,2024-03-17
40,9,470,2024-03-16
40,10,73,2024-03-26
40,5,458,2024-03-28
40,9,573,2024-03-11
40,8,203,2024-03-07
40,5,106,2024-03-07
40,10,318,2024-03-28
40,7,60,2024-03-20
40,5,406,2024-04-01
40,5,70,2024-03-22
40,10,495,2024-03-13
40,7,98,2024-03-18
40,3,336,2024-03-12
40,3,194,2024-03-26
40,5,506,2024-03-31
40,3,439,2024-03-17
40,3,223,2024-03-19
40,5,192,2024-03-26
40,10,516,2024-03-24
40,3,532,2024-04-01
40,9,592,2024-04-01
40,6,537,2024-03-10
40,9,59,2024-03-19
40,9,550,2024-03-27
40,3,127,2024-03-27
40,3,498,2024-03-20
40,9,263,2024-03-20
40,6,527,2024-03-26
40,8,360,2024-03-07
40,10,241,2024-03-25
40,5,222,2024-03-28
40,4,592,2024-03-13
40,7,50,2024-03-24
40,2,303,2024-03-20
40,2,189,2024-03-15
40,5,459,2024-03-14
40,5,113,2024-03-28
40,4,79,2024-03-25
40,6,312,2024-03-23
40,9,17,2024-03-16
40,9,210,2024-03-25
40,2,429,2024-03-20
40,8,80,2024-03-24
40,10,530,2024-03-22
40,1,135,2024-03-18
40,2,522,2024-03-11
40,5,83,2024-03-19
40,3,493,2024-03-25
40,2,294,2024-03-22
40,4,472,2024-03-09
40,3,531,2024-03-30
40,4,66,2024-03-19
40,10,189,2024-03-19
40,2,246,2024-03-30
40,1,361,2024-03-23
40,10,512,2024-03-24
40,3,71,2024-03-31
40,3,79,2024-03-15
40,10,180,2024-03-26
40,4,486,2024-03-10
40,7,104,2024-04-27
40,5,439,2024-04-17
40,8,281,2024-05-06
40,2,115,2024-04-18
40,2,522,2024-04-13
40,2,142,2024-04-21
40,2,30,2024-04-24
40,4,177,2024-04-24
40,3,535,2024-04-16
40,1,230,2024-04-09
40,3,100,2024-05-05
40,4,55,2024-04-09
40,8,424,2024-05-03
40,7,2,2024-04-27
40,6,220,2024-04-22
40,10,548,2024-04-19
40,10,309,2024-04-20
40,9,459,2024-04-29
40,2,331,2024-04-23
40,2,11,2024-04-24
40,3,122,2024-04-21
40,9,212,2024-05-04
40,9,331,2024-04-25
40,1,554,2024-04-20
40,2,228,2024-04-08
40,2,243,2024-04-11
40,4,450,2024-04-17
40,10,540,2024-04-16
40,6,534,2024-04-17
40,3,420,2024-05-02
40,8,308,2024-04-10
40,10,420,2024-04-12
40,9,573,2024-05-02
40,8,184,2024-04-10
40,10,409,2024-04-11
40,6,8,2024-04-15
40,4,371,2024-04-21
40,5,83,2024-04-13
40,6,211,2024-05-01
40,1,490,2024-04-25
40,10,87,2024-04-09
40,3,146,2024-05-01
40,4,349,2024-04-28
40,2,487,2024-04-16
40,5,247,2024-05-06
40,4,541,2024-04-16
40,7,50,2024-04-29
40,4,372,2024-04-23
40,1,591,2024-05-31
40,1,198,2024-05-13
40,3,575,2024-05-07
40,7,109,2024-06-01
40,6,333,2024-06-03
40,6,512,2024-05-18
40,4,166,2024-06-02
40,10,564,2024-06-04
40,8,105,2024-05-08
40,7,41,2024-05-31
40,5,321,2024-05-28
40,8,530,2024-05-19
40,1,210,2024-05-22
40,10,382,2024-05-10
40,1,5,2024-05-08
40,8,145,2024-05-13
40,1,348,2024-05-12
40,6,271,2024-05-11
40,2,498,2024-05-31
40,5,149,2024-05-29
40,6,450,2024-06-02
40,1,277,2024-05-10
40,3,218,2024-05-08
40,4,290,2024-05-10
40,3,419,2024-05-19
40,8,265,2024-05-19
40,7,36,2024-05-27
40,8,259,2024-05-08
40,3,23,2024-05-14
40,1,253,2024-05-20
40,3,307,2024-05-30
40,4,8,2024-05-11
40,3,575,2024-05-10
40,4,408,2024-05-12
40,7,57,2024-05-12
40,3,207,2024-06-04
40,3,387,2024-06-03
40,10,370,2024-05-07
40,10,289,2024-05-10
40,3,140,2024-05-31
40,8,428,2024-05-31
40,5,356,2024-05-27
40,3,533,2024-06-03
40,3,21,2024-05-17
40,5,73,2024-05-07
40,10,590,2024-05-12
40,1,342,2024-05-08
40,8,331,2024-05-09
40,10,6,2024-05-12
40,4,405,2024-05-08
40,10,479,2024-06-01
40,8,10,2024-05-29
40,10,151,2024-06-03
40,1,30,2024-05-20
40,5,55,2024-05-23
40,2,105,2024-05-18
40,3,22,2024-05-13
40,9,149,2024-05-22
40,4,299,2024-05-18
40,2,207,2024-05-11
40,2,301,2024-05-10
40,1,176,2024-05-29
40,3,202,2024-05-14
40,6,86,2024-05-20
40,1,51,2024-05-22
40,10,271,2024-05-07
40,8,183,2024-05-29
40,10,494,2024-05-16
40,10,244,2024-06-04
40,6,201,2024-05-21
40,3,415,2024-05-15
40,4,437,2024-05-13
40,6,8,2024-05-30
40,8,211,2024-05-21
40,10,86,2024-05-29
40,10,446,2024-06-18
40,4,421,2024-06-14
40,1,198,2024-06-21
40,4,203,2024-06-11
40,2,24,2024-06-21
40,2,340,2024-07-04
40,5,286,2024-06-07
40,6,430,2024-06-11
40,6,440,2024-07-01
40,6,396,2024-06-26
41,8,382,2024-06-01
41,1,189,2024-06-16
41,10,343,2024-06-04
41,8,55,2024-06-28
41,10,200,2024-06-17
41,6,177,2024-05-30
41,7,29,2024-06-25
41,3,307,2024-06-13
41,5,267,2024-06-20
41,3,262,2024-07-02
41,5,540,2024-07-18
41,5,405,2024-08-25
41,6,305,2024-08-09
41,9,245,2024-08-15
41,7,127,2024-09-28
41,5,1,2024-09-23
41,9,581,2024-09-28
41,3,520,2024-09-15
41,3,492,2024-09-25
41,7,158,2024-09-13
41,5,438,2024-10-15
41,7,13,2024-10-25
41,7,112,2024-10-22
41,7,155,2024-10-12
41,7,35,2024-10-14
41,3,519,2024-10-29
41,2,114,2024-10-18
41,4,96,2024-10-05
41,8,288,2024-10-25
41,4,50,2024-11-13
41,4,565,2024-11-19
42,9,566,2024-04-26
42,2,132,2024-05-09
42,4,498,2024-05-14
42,4,561,2024-05-03
42,5,599,2024-05-03
42,5,16,2024-05-03
42,10,283,2024-05-03
42,9,35,2024-05-12
42,4,53,2024-05-22
42,1,369,2024-05-13
42,5,361,2024-05-04
42,2,34,2024-05-14
42,7,59,2024-04-28
42,1,78,2024-05-09
42,6,112,2024-05-24
42,4,317,2024-04-26
42,1,18,2024-05-22
42,10,360,2024-05-07
42,6,528,2024-05-07
42,4,283,2024-04-28
42,9,309,2024-05-24
42,6,426,2024-05-12
42,4,591,2024-05-14
42,8,444,2024-05-18
42,7,111,2024-05-03
42,10,247,2024-05-05
42,2,235,2024-05-17
42,3,38,2024-04-26
42,1,117,2024-05-12
42,10,562,2024-05-11
42,6,298,2024-04-30
42,10,468,2024-05-12
42,3,285,2024-05-07
42,4,82,2024-05-07
42,2,273,2024-05-05
42,2,595,2024-05-21
42,5,1,2024-05-19
42,4,473,2024-04-29
42,2,458,2024-06-07
42,6,23,2024-06-14
42,7,143,2024-06-20
42,3,148,2024-06-23
42,8,121,2024-06-01
42,8,456,2024-06-12
42,9,143,2024-05-30
42,10,261,2024-06-01
42,9,297,2024-06-14
42,10,446,2024-06-20
42,4,230,2024-06-18
42,9,193,2024-06-11
42,8,263,2024-06-03
42,3,378,2024-06-06
42,5,259,2024-06-09
42,6,452,2024-07-22
42,4,229,2024-07-25
42,4,297,2024-07-18
42,2,217,2024-06-26
42,6,448,2024-07-10
42,2,432,2024-07-15
42,6,37,2024-07-22
42,6,389,2024-06-27
42,7,67,2024-07-12
42,8,152,2024-06-28
42,7,89,2024-07-19
42,3,79,2024-07-24
42,2,32,2024-07-18
42,7,137,2024-06-30
42,4,232,2024-07-09
42,4,192,2024-07-15
42,2,77,2024-06-26
42,4,167,2024-07-23
42,9,544,2024-07-04
42,10,95,2024-07-12
42,5,333,2024-07-18
42,10,80,2024-07-01
42,10,116,2024-06-28
42,9,316,2024-07-08
42,10,372,2024-07-19
42,1,583,2024-07-23
42,6,13,2024-07-23
42,4,220,2024-08-09
42,5,331,2024-08-18
42,10,222,2024-09-07
42,10,157,2024-10-18
42,9,178,2024-10-16
42,10,233,2024-10-07
42,3,161,2024-10-13
42,6,320,2024-10-16
42,1,497,2024-10-06
42,4,36,2024-10-10
42,6,32,2024-10-21
42,6,250,2024-10-04
42,7,23,2024-10-06
42,7,2,2024-09-27
42,6,110,2024-10-23
42,3,583,2024-09-29
42,7,165,2024-10-12
42,10,228,2024-10-18
43,3,490,2024-04-01
43,7,24,2024-05-22
43,7,26,2024-05-23
43,1,434,2024-06-22
43,3,196,2024-07-04
43,10,369,2024-07-05
44,5,178,2024-01-29
44,4,72,2024-01-23
44,5,105,2024-01-27
44,10,374,2024-01-14
44,4,299,2024-02-06
44,10,492,2024-01-31
44,5,58,2024-01-15
44,1,248,2024-01-27
44,7,131,2024-02-07
44,3,413,2024-01-26
44,4,374,2024-01-22
44,3,156,2024-02-03
44,10,351,2024-01-13
44,3,242,2024-01-23
44,4,63,2024-02-06
44,4,91,2024-02-01
44,8,365,2024-01-30
44,8,271,2024-01-25
44,5,116,2024-01-12
44,2,241,2024-02-07
44,6,16,2024-01-23
44,8,107,2024-02-04
44,2,283,2024-01-21
44,4,73,2024-01-13
44,3,598,2024-01-11
44,5,390,2024-02-05
44,10,217,2024-01-11
44,6,216,2024-01-15
44,6,415,2024-01-31
44,8,161,2024-02-02
44,4,95,2024-02-03
44,7,46,2024-01-21
44,10,466,2024-01-09
44,4,412,2024-01-24
44,2,136,2024-01-18
44,7,75,2024-01-14
44,1,381,2024-02-06
44,9,476,2024-01-21
44,10,32,2024-01-16
44,8,191,2024-02-19
44,8,74,2024-02-23
44,7,103,2024-02-18
44,4,473,2024-03-07
44,2,379,2024-03-04
44,10,339,2024-02-22
44,2,501,2024-02-26
44,1,266,2024-03-06
44,5,233,2024-02-23
44,5,314,2024-02-17
44,10,563,2024-02-12
44,4,509,2024-02-22
44,1,205,2024-02-17
44,1,185,2024-02-25
44,2,14,2024-03-01
44,7,187,2024-02-25
44,3,40,2024-03-04
44,2,418,2024-03-05
44,9,350,2024-02-28
44,5,358,2024-03-05
44,9,393,2024-02-15
44,10,549,2024-02-24
44,5,332,2024-03-03
44,10,532,2024-02-17
44,7,103,2024-03-08
44,3,148,2024-03-02
44,5,113,2024-02-15
44,6,330,2024-03-02
44,2,508,2024-02-12
44,2,407,2024-02-09
44,2,290,2024-02-12
44,3,156,2024-02-22
44,2,97,2024-03-04
44,7,117,2024-03-08
44,5,506,2024-03-08
44,3,596,2024-02-18
44,4,181,2024-02-29
44,5,287,2024-03-06
44,10,262,2024-02-19
44,2,487,2024-02-28
44,5,469,2024-02-26
44,5,275,2024-02-12
44,2,116,2024-03-08
44,9,257,2024-02-16
44,1,533,2024-03-01
44,2,304,2024-02-15
44,1,196,2024-02-20
44,4,455,2024-02-17
44,1,310,2024-02-23
44,6,66,2024-02-17
44,4,365,2024-03-02
44,6,363,2024-02-21
44,3,328,2024-02-15
44,9,592,2024-02-11
44,1,274,2024-03-07
44,1,363,2024-02-13
44,10,494,2024-02-10
44,3,239,2024-02-18
44,5,176,2024-02-29
44,10,364,2024-03-02
44,9,276,2024-03-07
44,9,229,2024-03-03
44,1,176,2024-03-09
44,9,356,2024-02-22
44,3,71,2024-03-06
44,3,523,2024-02-18
44,2,196,2024-02-25
44,1,350,2024-02-16
44,7,174,2024-03-03
44,4,575,2024-03-08
44,3,285,2024-03-03
44,4,372,2024-02-14
44,7,46,2024-02-20
44,4,264,2024-03-02
44,2,424,2024-03-04
44,5,100,2024-03-08
44,4,475,2024-02-12
44,7,183,2024-02-29
44,5,90,2024-02-16
44,7,22,2024-02-15
44,7,58,2024-03-09
44,2,402,2024-02-22
44,10,519,2024-02-13
44,1,46,2024-02-26
44,9,74,2024-02-25
44,6,335,2024-02-23
44,9,575,2024-02-16
44,3,84,2024-02-23
44,3,134,2024-03-09
44,9,319,2024-02-16
44,10,463,2024-02-26
44,8,168,2024-02-22
44,6,318,2024-03-03
44,9,257,2024-03-04
44,2,544,2024-02-21
44,1,32,2024-03-03
44,8,260,2024-03-03
44,7,29,2024-02-10
44,5,542,2024-03-05
44,4,67,2024-02-25
44,5,570,2024-02-16
44,9,279,2024-02-20
44,1,399,2024-02-25
44,2,186,2024-02-17
44,4,558,2024-03-06
44,9,471,2024-02-09
44,1,340,2024-02-12
44,1,502,2024-02-18
44,2,475,2024-02-29
44,8,463,2024-02-11
44,9,149,2024-03-07
44,3,452,2024-02-12
44,7,26,2024-02-19
44,8,295,2024-02-27
44,3,275,2024-02-20
44,4,376,2024-03-09
44,5,75,2024-03-07
44,5,304,2024-03-09
44,10,108,2024-03-06
44,5,48,2024-02-20
44,7,34,2024-03-09
44,6,87,2024-02-29
44,9,388,2024-03-09
44,10,511,2024-02-25
44,8,175,2024-02-16
44,7,18,2024-02-11
44,9,408,2024-02-15
44,5,356,2024-03-05
44,10,365,2024-02-18
44,10,288,2024-03-06
44,1,501,2024-03-09
44,4,103,2024-02-17
44,5,470,2024-03-26
44,3,565,2024-03-10
44,3,68,2024-03-30
44,5,308,2024-04-06
44,2,460,2024-04-04
44,5,599,2024-03-09
44,4,187,2024-03-29
44,8,428,2024-03-20
44,8,177,2024-03-29
44,10,561,2024-03-25
44,2,450,2024-04-02
44,4,179,2024-03-19
44,1,198,2024-03-17
44,5,84,2024-04-06
44,5,457,2024-04-05
44,7,72,2024-03-28
44,8,246,2024-03-29
44,7,3,2024-03-13
44,9,7,2024-04-05
44,4,125,2024-03-23
44,2,525,2024-03-30
44,7,104,2024-03-14
44,8,320,2024-03-15
44,2,30,2024-03-30
44,9,156,2024-03-30
44,4,399,2024-04-03
44,3,168,2024-04-02
44,9,362,2024-03-10
44,4,581,2024-03-27
44,1,406,2024-04-07
44,10,48,2024-03-17
44,1,407,2024-03-19
44,10,130,2024-03-22
44,6,552,2024-03-26
44,5,349,2024-03-20
44,6,526,2024-04-05
44,2,480,2024-03-19
44,6,159,2024-03-09
44,8,527,2024-03-13
44,6,432,2024-04-04
44,3,542,2024-03-31
44,2,290,2024-03-29
44,7,96,2024-03-19
44,3,555,2024-03-12
44,1,496,2024-03-11
44,9,74,2024-03-29
44,8,138,2024-03-28
44,9,444,2024-03-09
44,4,411,2024-03-14
44,6,538,2024-03-30
44,5,419,2024-03-10
44,3,585,2024-03-27
44,3,369,2024-03-26
44,3,210,2024-04-01
44,6,435,2024-03-17
44,3,268,2024-03-28
44,8,360,2024-03-17
44,8,182,2024-03-18
44,1,273,2024-03-31
44,2,536,2024-03-10
44,3,509,2024-04-05
44,3,161,2024-03-29
44,5,458,2024-03-29
44,9,234,2024-03-31
44,3,197,2024-04-02
44,10,36,2024-04-03
44,5,530,2024-04-05
44,2,257,2024-03-22
44,8,591,2024-04-05
44,2,292,2024-04-07
44,1,341,2024-03-18
44,1,566,2024-03-23
44,4,39,2024-04-07
44,7,150,2024-04-02
44,2,330,2024-04-01
44,8,219,2024-03-18
44,4,587,2024-03-14
44,5,190,2024-03-09
44,3,466,2024-03-11
44,4,363,2024-03-13
44,3,56,2024-04-07
44,2,22,2024-03-12
44,9,522,2024-03-10
44,8,225,2024-04-04
44,6,123,2024-04-07
44,10,301,2024-03-09
44,2,67,2024-03-17
44,10,594,2024-05-04
44,5,405,2024-04-09
44,3,69,2024-05-03
44,10,320,2024-04-25
44,8,529,2024-04-17
44,6,533,2024-04-15
44,7,111,2024-04-15
44,6,283,2024-04-16
44,9,194,2024-04-15
44,2,342,2024-04-26
44,4,525,2024-05-24
44,6,133,2024-05-28
44,9,434,2024-05-14
44,7,56,2024-06-07
44,8,560,2024-05-17
44,10,59,2024-05-21
44,3,218,2024-05-31
44,7,129,2024-05-16
44,4,85,2024-06-07
44,6,437,2024-06-03
44,5,49,2024-05-11
44,3,129,2024-06-06
44,7,33,2024-05-31
44,4,133,2024-05-15
44,9,506,2024-05-14
44,1,534,2024-05-25
44,4,165,2024-05-13
44,10,5,2024-06-05
44,5,81,2024-05-31
44,7,137,2024-05-10
44,3,543,2024-05-15
44,10,515,2024-05-27
44,3,568,2024-05-17
44,10,573,2024-05-22
44,2,122,2024-05-23
44,10,513,2024-06-07
44,9,38,2024-06-07
44,9,338,2024-05-09
44,8,67,2024-05-25
44,8,316,2024-05-25
44,8,345,2024-06-07
44,9,473,2024-05-27
44,4,438,2024-06-02
44,4,302,2024-05-14
44,1,292,2024-05-18
44,7,16,2024-05-22
44,9,516,2024-06-06
44,8,518,2024-05-09
44,7,129,2024-05-27
44,8,195,2024-05-09
44,1,277,2024-05-21
44,1,278,2024-06-07
44,6,366,2024-05-12
44,7,183,2024-05-20
44,9,396,2024-05-25
44,5,463,2024-05-18
44,3,375,2024-05-28
44,1,321,2024-06-18
44,2,303,2024-06-10
44,1,456,2024-06-30
44,6,538,2024-07-04
44,9,95,2024-06-28
44,6,526,2024-06-09
44,7,152,2024-06-17
44,8,368,2024-06-27
44,2,143,2024-06-11
44,4,500,2024-06-30
44,7,4,2024-06-18
44,6,185,2024-07-08
44,6,99,2024-06-25
44,10,509,2024-06-29
44,10,490,2024-06-11
44,8,218,2024-06-23
44,1,219,2024-06-26
44,3,332,2024-07-02
44,5,152,2024-07-05
44,6,428,2024-06-10
44,4,192,2024-06-17
44,4,309,2024-07-04
44,8,106,2024-06-15
44,6,542,2024-07-08
44,5,400,2024-06-23
44,5,579,2024-07-01
44,10,5,2024-07-01
44,2,537,2024-06-16
44,5,514,2024-06-30
44,8,224,2024-06-16
44,4,320,2024-07-08
44,3,343,2024-06-26
44,5,343,2024-06-09
44,4,175,2024-06-26
45,7,19,2024-04-18
45,9,24,2024-04-10
45,7,161,2024-05-02
45,2,504,2024-04-06
45,5,169,2024-04-17
45,7,139,2024-05-06
45,4,2,2024-06-24
45,6,288,2024-06-15
45,9,512,2024-06-13
45,10,222,2024-06-16
45,9,404,2024-07-03
45,4,127,2024-06-14
45,8,15,2024-06-07
45,9,493,2024-07-13
45,5,341,2024-07-09
45,1,474,2024-08-04
45,4,419,2024-07-11
45,1,495,2024-07-12
45,2,121,2024-08-02
45,6,561,2024-08-02
45,1,540,2024-07-09
45,4,432,2024-07-13
45,1,218,2024-07-24
45,1,74,2024-07-17
45,9,192,2024-08-03
45,8,593,2024-07-10
45,2,48,2024-08-03
45,1,547,2024-07-28
45,1,315,2024-07-23
45,10,581,2024-08-24
45,7,69,2024-08-25
45,3,548,2024-09-04
45,2,299,2024-08-07
45,1,49,2024-08-23
45,9,109,2024-08-10
45,9,24,2024-09-03
45,6,10,2024-08-10
45,1,267,2024-08-29
45,8,455,2024-08-23
45,5,148,2024-08-26
45,10,431,2024-08-09
45,8,242,2024-10-05
45,6,66,2024-09-17
45,10,388,2024-09-28
45,1,415,2024-09-21
45,9,220,2024-09-06
45,5,440,2024-09-23
45,4,450,2024-09-09
45,6,189,2024-09-23
45,4,382,2024-09-06
45,2,238,2024-09-08
45,5,123,2024-09-29
45,6,419,2024-09-27
45,7,26,2024-09-27
45,1,332,2024-09-25
45,7,153,2024-10-05
45,2,553,2024-09-24
45,6,297,2024-10-02
45,6,456,2024-09-20
45,2,231,2024-09-27
45,2,592,2024-09-07
45,4,276,2024-09-21
45,3,376,2024-10-05
45,7,66,2024-09-08
45,10,441,2024-10-04
46,4,409,2024-03-15
46,9,565,2024-03-09
46,7,112,2024-02-29
46,2,528,2024-03-18
46,6,435,2024-03-05
46,8,371,2024-03-25
46,5,249,2024-03-22
46,5,78,2024-03-18
46,5,336,2024-03-13
46,5,4,2024-02-25
46,6,317,2024-03-10
46,5,119,2024-04-23
46,5,542,2024-04-16
46,4,85,2024-05-07
46,5,335,2024-05-14
46,4,183,2024-05-21
46,6,350,2024-06-19
46,5,269,2024-06-22
46,5,537,2024-06-06
46,8,20,2024-06-16
46,4,26,2024-07-16
46,10,395,2024-06-29
46,3,550,2024-08-22
46,7,181,2024-07-25
47,6,443,2024-06-06
47,8,584,2024-06-08
47,9,331,2024-06-02
47,8,275,2024-06-15
47,5,179,2024-05-25
47,9,180,2024-06-11
47,3,243,2024-05-25
47,8,526,2024-06-13
47,3,408,2024-06-02
47,8,170,2024-06-18
47,10,82,2024-06-14
47,7,112,2024-05-26
47,7,120,2024-06-17
47,1,504,2024-06-08
47,3,486,2024-05-24
47,4,42,2024-05-29
47,8,142,2024-06-11
47,4,27,2024-05-31
47,3,216,2024-06-19
47,8,598,2024-06-14
47,10,413,2024-05-28
47,6,449,2024-06-09
47,5,408,2024-05-29
47,6,265,2024-06-09
47,8,227,2024-05-24
47,10,548,2024-06-11
47,9,150,2024-05-21
47,5,230,2024-06-08
47,8,397,2024-06-09
47,4,299,2024-06-01
47,5,223,2024-06-14
47,8,231,2024-06-10
47,9,329,2024-05-30
47,10,196,2024-05-28
47,1,77,2024-06-10
47,8,466,2024-06-02
47,8,160,2024-06-01
47,9,161,2024-06-09
47,2,396,2024-06-08
47,9,308,2024-05-22
47,3,451,2024-06-03
47,7,136,2024-06-18
47,6,468,2024-05-26
47,1,29,2024-05-30
47,8,31,2024-06-10
47,6,441,2024-06-25
47,4,524,2024-06-23
47,6,110,2024-06-28
47,5,245,2024-07-16
47,3,560,2024-07-05
47,7,143,2024-07-03
47,6,239,2024-07-07
47,4,32,2024-07-17
47,6,110,2024-07-05
47,3,249,2024-06-29
47,2,228,2024-06-29
47,4,584,2024-07-16
47,3,528,2024-07-01
47,10,136,2024-06-21
47,10,254,2024-07-08
47,3,43,2024-07-08
47,3,571,2024-07-18
47,6,303,2024-07-04
47,7,159,2024-07-19
47,10,81,2024-07-17
47,3,285,2024-07-07
47,10,204,2024-07-15
47,9,69,2024-06-24
47,9,441,2024-06-23
47,5,322,2024-07-14
47,8,355,2024-07-13
47,7,105,2024-07-09
47,2,572,2024-07-09
47,2,527,2024-07-14
47,5,235,2024-07-17
47,10,554,2024-08-19
47,8,335,2024-08-14
47,1,325,2024-07-25
47,4,145,2024-08-10
47,4,285,2024-07-28
47,2,360,2024-07-21
47,4,165,2024-08-18
47,5,224,2024-08-17
47,4,344,2024-08-08
47,4,129,2024-07-27
47,1,127,2024-07-22
47,7,17,2024-08-16
47,3,285,2024-08-11
47,6,310,2024-07-31
47,2,434,2024-08-11
47,10,376,2024-08-15
47,6,303,2024-08-10
47,4,21,2024-07-21
47,1,51,2024-08-03
47,3,262,2024-08-02
47,1,518,2024-08-10
47,6,453,2024-07-27
47,1,397,2024-07-31
47,7,116,2024-07-23
47,10,97,2024-07-28
47,1,186,2024-08-13
47,6,215,2024-08-16
47,8,29,2024-07-26
47,6,117,2024-08-28
47,2,543,2024-08-24
47,1,293,2024-08-23
47,4,261,2024-09-03
47,4,49,2024-08-26
47,10,224,2024-09-12
47,1,110,2024-09-09
47,9,399,2024-09-01
47,10,306,2024-09-09
47,6,151,2024-09-01
47,3,556,2024-09-09
47,3,156,2024-08-23
47,2,155,2024-09-08
47,10,49,2024-09-04
47,3,585,2024-08-24
47,3,48,2024-08-28
47,1,159,2024-09-07
47,1,251,2024-09-04
47,7,92,2024-09-06
47,3,107,2024-08-26
47,6,199,2024-08-31
47,1,503,2024-09-07
47,6,573,2024-09-13
47,5,538,2024-09-08
47,8,344,2024-09-09
47,8,277,2024-09-18
47,5,31,2024-09-12
47,1,346,2024-10-18
47,5,449,2024-10-10
47,1,34,2024-10-08
47,4,328,2024-09-22
47,9,463,2024-10-18
47,9,386,2024-10-07
47,10,127,2024-09-30
47,9,287,2024-09-22
47,8,318,2024-10-09
47,1,107,2024-10-07
47,10,311,2024-10-18
47,6,498,2024-10-10
47,3,207,2024-11-09
47,10,21,2024-10-25
47,7,120,2024-10-29
47,7,133,2024-11-14
47,8,234,2024-11-14
47,10,320,2024-10-28
47,6,180,2024-11-14
48,3,550,2024-05-21
48,6,133,2024-05-29
48,5,450,2024-06-14
48,7,44,2024-06-04
48,3,47,2024-06-11
48,4,24,2024-06-01
48,9,174,2024-06-07
48,2,342,2024-06-08
48,5,438,2024-05-27
48,10,381,2024-05-21
48,9,559,2024-05-27
48,9,102,2024-05-27
48,9,51,2024-06-05
48,2,589,2024-05-23
48,4,70,2024-05-21
48,5,108,2024-05-27
48,1,251,2024-05-22
48,10,591,2024-06-08
48,1,298,2024-06-07
48,4,102,2024-05-24
48,5,528,2024-05-20
48,2,404,2024-05-29
48,2,119,2024-06-07
48,3,487,2024-05-30
48,1,257,2024-05-24
48,6,477,2024-05-29
48,5,173,2024-05-21
48,5,260,2024-06-18
48,1,20,2024-07-08
48,6,251,2024-06-23
48,9,271,2024-06-21
48,7,180,2024-06-17
48,9,313,2024-06-30
48,4,14,2024-07-12
48,6,14,2024-06-18
48,1,436,2024-06-16
48,2,19,2024-07-09
48,10,260,2024-06-19
48,10,416,2024-06-24
48,7,67,2024-07-05
48,4,202,2024-07-09
48,10,446,2024-07-11
48,6,112,2024-06-18
48,9,392,2024-06-24
48,5,579,2024-06-19
48,5,553,2024-07-10
48,3,86,2024-07-05
48,7,110,2024-08-04
48,2,598,2024-08-11
48,2,64,2024-08-10
48,2,567,2024-07-25
48,5,129,2024-07-21
48,7,137,2024-07-22
48,1,355,2024-07-31
48,5,146,2024-07-16
48,4,87,2024-07-26
48,4,265,2024-08-14
48,8,232,2024-07-20
48,1,271,2024-08-09
48,2,170,2024-07-29
48,5,26,2024-08-13
48,8,579,2024-08-06
48,6,26,2024-08-03
48,7,123,2024-07-19
48,5,191,2024-07-28
48,4,233,2024-08-10
48,5,271,2024-07-30
48,6,171,2024-08-12
48,8,405,2024-08-01
48,8,505,2024-08-01
48,8,444,2024-08-02
48,4,509,2024-07-30
48,2,2,2024-07-25
48,3,308,2024-07-22
48,10,147,2024-08-10
48,3,562,2024-08-13
48,6,407,2024-08-12
48,4,205,2024-08-11
48,3,173,2024-08-13
48,8,2,2024-07-24
48,8,368,2024-08-08
48,3,580,2024-08-02
48,2,596,2024-08-06
48,5,207,2024-08-01
48,10,129,2024-07-21
48,3,199,2024-07-28
48,1,526,2024-08-13
48,10,238,2024-08-08
48,1,432,2024-07-25
48,4,201,2024-07-29
48,4,355,2024-07-17
48,9,559,2024-08-01
48,7,52,2024-08-02
48,2,152,2024-08-07
48,7,21,2024-08-14
48,10,72,2024-08-14
48,2,130,2024-07-20
48,1,580,2024-07-21
48,7,147,2024-07-26
48,8,103,2024-07-28
48,1,134,2024-07-22
48,4,482,2024-08-10
48,9,599,2024-07-31
48,1,483,2024-07-19
48,5,17,2024-07-21
48,10,498,2024-08-11
48,10,390,2024-08-08
48,6,52,2024-07-30
48,4,441,2024-07-31
48,6,7,2024-08-03
48,10,245,2024-07-28
48,10,287,2024-07-17
48,10,13,2024-08-02
48,7,141,2024-08-03
48,8,57,2024-08-14
48,6,133,2024-08-18
48,3,77,2024-08-20
48,6,318,2024-09-06
48,9,154,2024-08-28
48,5,221,2024-09-06
48,6,177,2024-08-18
48,6,431,2024-08-29
48,9,448,2024-08-30
48,6,65,2024-09-09
48,4,527,2024-08-17
48,1,293,2024-09-01
48,7,125,2024-09-01
48,4,166,2024-08-16
48,7,103,2024-09-03
48,4,374,2024-09-14
48,7,14,2024-08-28
48,10,6,2024-10-03
48,2,518,2024-09-17
48,1,156,2024-10-06
48,8,10,2024-09-25
48,2,156,2024-10-09
48,3,225,2024-09-19
48,8,195,2024-09-25
48,2,596,2024-09-21
48,5,542,2024-09-24
48,10,290,2024-09-23
48,8,497,2024-10-02
48,4,588,2024-10-02
48,9,302,2024-09-29
48,1,578,2024-09-23
48,5,123,2024-09-22
48,6,112,2024-10-01
48,1,246,2024-10-12
48,7,136,2024-09-23
48,2,76,2024-10-30
48,7,178,2024-11-08
48,4,265,2024-10-23
48,3,307,2024-10-23
48,2,185,2024-10-19
48,6,99,2024-11-03
48,10,350,2024-11-12
48,2,544,2024-10-24
48,8,63,2024-11-10
48,3,459,2024-10-25
48,2,269,2024-11-14
48,6,346,2024-11-04
48,5,78,2024-10-28
48,8,304,2024-10-28
48,8,79,2024-11-03
48,1,418,2024-11-02
48,3,384,2024-11-07
48,10,206,2024-11-10
48,9,381,2024-10-23
48,1,311,2024-11-07
48,8,592,2024-10-25
48,5,522,2024-11-09
48,9,312,2024-10-21
48,6,113,2024-11-13
48,6,302,2024-10-19
48,4,221,2024-10-26
48,4,213,2024-11-13
48,5,85,2024-10-19
48,1,318,2024-11-10
48,8,243,2024-10-17
48,9,247,2024-11-09
48,2,554,2024-10-24
48,9,228,2024-10-25
48,3,422,2024-10-18
48,9,99,2024-11-02
49,10,77,2024-04-11
49,9,518,2024-03-23
49,2,459,2024-03-27
49,6,168,2024-03-27
49,9,8,2024-03-30
49,10,360,2024-03-21
49,3,354,2024-04-04
49,4,158,2024-03-20
49,5,308,2024-04-04
49,9,404,2024-03-23
49,7,18,2024-04-11
49,2,429,2024-04-15
49,2,2,2024-04-07
49,4,333,2024-04-11
49,6,506,2024-03-26
49,7,186,2024-03-22
49,2,361,2024-04-05
49,1,264,2024-04-13
49,9,279,2024-03-20
49,6,349,2024-04-14
49,5,305,2024-03-20
49,2,64,2024-03-28
49,10,17,2024-04-14
49,4,444,2024-04-03
49,10,475,2024-04-08
49,2,351,2024-04-10
49,7,102,2024-03-19
49,3,393,2024-03-28
49,1,50,2024-03-26
49,7,169,2024-03-28
49,4,292,2024-04-10
49,1,250,2024-03-30
49,9,98,2024-04-02
49,1,39,2024-03-24
49,3,469,2024-04-13
49,4,453,2024-03-19
49,1,309,2024-03-24
49,5,249,2024-04-08
49,5,501,2024-04-02
49,5,66,2024-04-14
49,4,59,2024-04-14
49,2,373,2024-03-28
49,2,218,2024-04-02
49,9,406,2024-03-26
49,9,589,2024-03-26
49,5,469,2024-04-09
49,1,91,2024-03-26
49,2,414,2024-04-17
49,9,547,2024-04-05
49,10,283,2024-04-12
49,6,32,2024-03-26
49,8,341,2024-04-05
49,10,410,2024-04-08
49,7,28,2024-04-15
49,7,160,2024-03-31
49,2,103,2024-03-24
49,7,139,2024-03-26
49,4,424,2024-03-26
49,3,547,2024-03-23
49,3,239,2024-04-01
49,5,408,2024-04-04
49,2,226,2024-03-30
49,4,174,2024-03-29
49,9,103,2024-03-28
49,8,65,2024-04-16
49,5,156,2024-03-22
49,2,518,2024-03-20
49,3,238,2024-03-26
49,3,326,2024-04-01
49,3,176,2024-03-19
49,3,192,2024-04-06
49,9,71,2024-04-01
49,5,63,2024-03-27
49,5,519,2024-03-27
49,4,177,2024-03-30
49,6,594,2024-03-26
49,5,128,2024-03-21
49,2,184,2024-04-10
49,9,324,2024-03-20
49,2,254,2024-04-14
49,6,423,2024-03-30
49,6,36,2024-04-06
49,4,217,2024-04-14
49,2,456,2024-04-06
49,9,538,2024-04-15
49,4,223,2024-04-03
49,3,458,2024-03-24
49,10,457,2024-03-25
49,4,403,2024-04-15
49,3,332,2024-04-17
49,9,89,2024-04-15
49,10,389,2024-04-04
49,2,107,2024-04-02
49,5,214,2024-03-25
49,2,506,2024-04-12
49,6,371,2024-03-19
49,9,180,2024-03-23
49,1,19,2024-05-02
49,3,56,2024-04-23
49,1,92,2024-05-06
49,1,79,2024-05-10
49,9,283,2024-05-11
49,5,160,2024-05-16
49,3,156,2024-05-12
49,10,468,2024-05-13
49,5,462,2024-05-10
49,5,364,2024-04-29
49,7,145,2024-05-06
49,7,184,2024-05-08
49,6,75,2024-04-30
49,10,272,2024-05-07
49,7,27,2024-05-07
49,7,188,2024-05-15
49,8,130,2024-05-16
49,6,408,2024-05-17
49,2,78,2024-05-06
49,2,321,2024-05-08
49,2,297,2024-04-27
49,7,38,2024-04-30
49,3,318,2024-04-30
49,7,169,2024-05-08
49,6,6,2024-04-29
49,3,132,2024-05-17
49,10,563,2024-05-17
49,6,392,2024-05-13
49,6,595,2024-04-19
49,5,387,2024-05-18
49,2,291,2024-04-27
49,2,268,2024-06-15
49,1,212,2024-05-26
49,1,21,2024-06-15
49,4,438,2024-05-25
49,9,123,2024-05-28
49,4,214,2024-06-13
49,7,135,2024-05-26
49,10,40,2024-06-03
49,8,182,2024-05-27
49,3,533,2024-06-03
49,8,196,2024-06-07
49,10,133,2024-05-29
49,6,15,2024-05-29
49,4,60,2024-06-15
49,2,336,2024-06-06
49,2,561,2024-06-01
49,8,28,2024-06-03
49,5,458,2024-06-04
49,9,29,2024-06-15
49,10,279,2024-06-14
49,7,49,2024-06-09
49,4,206,2024-05-28
49,10,458,2024-06-14
49,2,407,2024-05-27
49,5,520,2024-06-08
49,7,135,2024-05-27
49,3,498,2024-05-30
49,6,558,2024-06-13
49,10,156,2024-05-31
49,9,130,2024-05-29
49,1,384,2024-05-20
49,3,295,2024-06-05
49,5,562,2024-06-10
49,10,376,2024-06-11
49,8,154,2024-06-02
49,9,156,2024-06-04
49,10,482,2024-06-14
49,6,382,2024-06-04
49,5,293,2024-06-02
49,4,476,2024-05-19
49,6,296,2024-05-20
49,7,73,2024-06-02
49,8,158,2024-06-03
49,4,521,2024-05-19
49,6,251,2024-06-14
49,4,146,2024-06-14
49,2,352,2024-06-13
49,1,245,2024-06-03
49,6,100,2024-06-08
49,5,302,2024-06-01
49,9,88,2024-06-12
49,3,163,2024-06-04
49,10,301,2024-06-09
49,4,203,2024-06-02
49,8,194,2024-05-29
49,2,317,2024-05-23
49,1,263,2024-05-28
49,6,428,2024-05-31
49,8,107,2024-06-05
49,2,482,2024-06-06
49,6,257,2024-05-29
49,2,554,2024-06-05
49,1,400,2024-06-13
49,7,15,2024-06-16
49,1,87,2024-06-08
49,9,226,2024-06-04
49,9,518,2024-05-23
49,8,296,2024-06-17
49,5,135,2024-05-31
49,1,4,2024-06-05
49,10,259,2024-05-30
49,1,363,2024-06-05
49,1,200,2024-06-07
49,3,273,2024-05-20
49,3,483,2024-05-24
49,10,408,2024-06-09
49,2,562,2024-06-01
49,7,33,2024-06-04
49,7,89,2024-05-23
49,1,241,2024-05-28
49,9,468,2024-06-12
49,2,375,2024-06-03
49,2,252,2024-06-07
49,6,450,2024-05-20
49,3,537,2024-06-03
49,6,255,2024-06-02
49,9,334,2024-06-16
49,5,368,2024-05-29
49,6,554,2024-06-15
49,8,67,2024-05-20
49,3,400,2024-06-09
49,10,284,2024-05-22
49,10,237,2024-06-05
49,4,9,2024-05-22
49,5,576,2024-07-03
49,8,450,2024-07-16
49,3,118,2024-07-16
49,7,100,2024-07-18
49,1,444,2024-06-27
49,1,46,2024-07-05
49,1,407,2024-07-04
49,9,416,2024-07-07
49,8,121,2024-06-21
49,3,79,2024-07-05
49,2,544,2024-06-25
49,3,71,2024-06-23
49,10,424,2024-07-09
49,3,185,2024-07-03
49,7,165,2024-07-11
49,10,121,2024-07-09
49,7,41,2024-06-19
49,4,168,2024-06-21
49,2,427,2024-06-23
49,8,10,2024-07-12
49,7,104,2024-07-01
49,5,506,2024-07-14
49,6,104,2024-07-03
49,1,38,2024-06-29
49,5,52,2024-06-19
49,10,214,2024-06-21
49,3,556,2024-06-24
49,7,8,2024-06-23
49,10,112,2024-06-30
49,1,422,2024-06-27
49,10,212,2024-07-02
49,10,221,2024-07-05
49,9,420,2024-06-20
49,1,515,2024-07-11
49,10,559,2024-06-27
49,10,232,2024-07-21
49,2,256,2024-08-06
49,8,65,2024-08-17
49,6,173,2024-08-10
49,4,561,2024-07-21
49,9,581,2024-07-24
49,4,401,2024-08-17
49,5,213,2024-08-08
49,6,139,2024-07-20
49,1,143,2024-08-05
49,10,486,2024-08-08
49,5,284,2024-07-24
49,10,272,2024-08-12
49,7,66,2024-07-24
49,9,103,2024-07-20
49,3,40,2024-07-29
49,9,100,2024-08-03
49,9,82,2024-07-31
49,5,395,2024-07-19
49,5,274,2024-08-01
49,7,50,2024-07-25
49,4,80,2024-07-29
49,3,572,2024-07-19
49,5,127,2024-08-16
49,8,417,2024-08-17
49,9,469,2024-07-27
49,5,42,2024-08-11
49,7,33,2024-08-07
49,9,90,2024-07-26
49,4,524,2024-07-19
49,10,399,2024-08-06
49,6,91,2024-07-23
49,5,466,2024-08-15
49,3,379,2024-08-09
49,2,447,2024-07-22
49,2,233,2024-08-06
49,10,234,2024-08-09
49,1,573,2024-07-29
49,10,216,2024-09-08
49,8,543,2024-08-20
49,7,135,2024-09-06
49,7,47,2024-08-26
49,1,381,2024-08-31
49,3,399,2024-08-22
49,5,383,2024-08-21
49,4,345,2024-08-28
49,8,268,2024-09-09
49,10,571,2024-08-21
49,2,407,2024-08-26
49,10,97,2024-09-01
49,6,87,2024-08-31
49,9,483,2024-09-05
49,5,111,2024-08-28
49,1,297,2024-08-28
49,9,334,2024-08-29
49,7,159,2024-09-11
49,10,162,2024-09-01
49,6,69,2024-08-23
49,3,573,2024-08-28
49,7,174,2024-09-04
49,3,161,2024-08-28
49,3,453,2024-09-12
49,3,170,2024-09-17
49,10,57,2024-09-03
49,1,358,2024-08-27
49,5,302,2024-08-28
49,2,101,2024-08-19
49,9,29,2024-09-13
49,9,438,2024-09-14
49,9,254,2024-08-21
49,4,550,2024-09-07
49,1,535,2024-08-23
49,8,505,2024-08-23
49,8,301,2024-08-19
49,1,278,2024-08-23
49,5,126,2024-09-12
49,1,562,2024-08-25
49,6,378,2024-09-05
49,3,391,2024-08-26
49,2,361,2024-09-10
49,1,181,2024-08-30
49,2,149,2024-09-11
49,2,500,2024-08-27
49,3,211,2024-09-05
49,4,30,2024-08-26
49,1,24,2024-09-11
49,3,222,2024-09-13
50,7,112,2024-03-24
50,3,268,2024-03-29
50,8,449,2024-03-25
50,2,590,2024-03-29
50,2,390,2024-04-08
50,3,394,2024-04-27
50,3,270,2024-05-07
50,5,420,2024-05-10
50,6,166,2024-05-03
50,6,339,2024-04-29
50,6,189,2024-04-27
50,6,33,2024-04-27
50,4,23,2024-05-20
50,8,487,2024-06-11
50,9,209,2024-05-31
50,5,406,2024-06-02
50,6,206,2024-05-30
50,1,328,2024-05-18
50,6,228,2024-07-19
50,6,390,2024-08-11
50,5,425,2024-07-27
50,3,427,2024-09-06
50,10,568,2024-08-25
50,8,211,2024-09-10
50,3,58,2024-08-25
51,3,575,2024-01-29
51,8,277,2024-01-11
51,3,145,2024-01-27
51,1,322,2024-01-28
51,1,43,2024-02-03
51,10,293,2024-01-25
51,8,69,2024-02-02
51,7,164,2024-02-01
51,6,243,2024-01-18
51,10,527,2024-01-25
51,9,478,2024-01-30
51,8,263,2024-02-03
51,7,52,2024-01-13
51,8,230,2024-02-03
51,10,478,2024-01-16
51,7,164,2024-01-12
51,8,420,2024-01-22
51,4,561,2024-02-05
51,7,177,2024-02-04
51,10,548,2024-01-20
51,3,355,2024-01-21
51,1,462,2024-01-10
51,8,529,2024-01-21
51,6,511,2024-02-04
51,2,580,2024-02-05
51,3,397,2024-02-03
51,7,82,2024-01-20
51,6,111,2024-01-20
51,6,238,2024-01-12
51,3,404,2024-02-03
51,8,465,2024-02-07
51,1,55,2024-01-12
51,7,185,2024-01-28
51,3,546,2024-02-04
51,1,425,2024-01-31
51,6,283,2024-01-30
51,9,287,2024-02-05
51,5,182,2024-01-24
51,9,339,2024-01-19
51,4,266,2024-02-05
51,8,493,2024-01-16
51,7,4,2024-01-24
51,6,329,2024-01-12
51,8,196,2024-02-04
51,3,62,2024-01-16
51,10,281,2024-01-21
51,10,227,2024-02-04
51,9,477,2024-02-02
51,3,367,2024-01-17
51,4,252,2024-01-19
51,2,376,2024-01-22
51,9,488,2024-02-01
51,10,420,2024-01-26
51,3,343,2024-02-05
51,7,77,2024-01-28
51,1,416,2024-02-04
51,9,124,2024-01-31
51,7,1,2024-01-10
51,4,398,2024-02-05
51,8,297,2024-01-26
51,4,500,2024-01-28
51,7,1,2024-01-18
51,8,482,2024-01-11
51,8,510,2024-01-24
51,1,141,2024-01-16
51,9,167,2024-02-01
51,10,65,2024-01-14
51,3,433,2024-01-27
51,10,309,2024-02-05
51,3,569,2024-01-31
51,2,495,2024-01-22
51,8,299,2024-01-17
51,6,202,2024-02-01
51,1,485,2024-01-18
51,2,478,2024-01-17
51,7,11,2024-02-08
51,4,531,2024-01-13
51,4,74,2024-02-02
51,4,164,2024-01-16
51,3,222,2024-02-08
51,1,176,2024-01-22
51,8,375,2024-02-04
51,2,85,2024-01-21
51,7,127,2024-02-03
51,1,463,2024-01-12
51,6,550,2024-01-10
51,4,8,2024-02-04
51,4,567,2024-01-25
51,3,88,2024-01-19
51,4,434,2024-01-11
51,4,239,2024-02-07
51,4,335,2024-01-27
51,7,175,2024-01-31
51,3,248,2024-02-10
51,3,325,2024-02-27
51,5,123,2024-03-06
51,3,447,2024-02-18
51,1,128,2024-02-13
51,10,47,2024-03-05
51,3,416,2024-02-12
51,5,503,2024-03-10
51,5,96,2024-02-20
51,8,32,2024-02-22
51,2,179,2024-02-20
51,4,549,2024-02-18
51,6,49,2024-02-28
51,7,168,2024-02-16
51,5,344,2024-02-25
51,9,391,2024-02-20
51,9,3,2024-03-02
51,8,307,2024-02-29
51,7,148,2024-03-05
51,3,108,2024-03-04
51,8,52,2024-02-25
51,7,68,2024-03-09
51,1,65,2024-03-10
51,1,258,2024-02-15
51,10,331,2024-03-01
51,2,89,2024-02-16
51,9,500,2024-03-09
51,7,80,2024-03-01
51,3,112,2024-02-18
51,10,229,2024-03-02
51,3,138,2024-02-16
51,9,494,2024-02-24
51,10,174,2024-03-06
51,5,343,2024-03-09
51,3,524,2024-03-04
51,8,578,2024-03-02
51,7,167,2024-02-28
51,9,543,2024-02-20
51,2,491,2024-03-05
51,4,498,2024-02-28
51,4,447,2024-03-10
51,10,323,2024-02-25
51,10,232,2024-03-04
51,7,19,2024-02-23
51,1,65,2024-02-15
51,7,47,2024-02-21
51,5,66,2024-02-14
51,9,366,2024-02-27
51,6,328,2024-02-11
51,9,327,2024-03-10
51,2,133,2024-03-03
51,5,382,2024-03-02
51,9,595,2024-02-12
51,8,234,2024-03-08
51,6,570,2024-02-12
51,1,535,2024-03-12
51,5,107,2024-03-18
51,5,97,2024-04-03
51,5,552,2024-03-30
51,6,488,2024-03-11
51,3,393,2024-03-14
51,5,410,2024-03-28
51,4,304,2024-03-25
51,7,18,2024-04-02
51,5,131,2024-04-03
51,5,8,2024-03-10
51,7,7,2024-03-17
51,3,367,2024-03-18
51,1,11,2024-03-15
51,9,446,2024-03-27
51,4,196,2024-03-27
51,1,323,2024-03-17
51,5,512,2024-03-29
51,5,165,2024-04-06
51,6,489,2024-03-30
51,6,67,2024-03-22
51,5,244,2024-04-30
51,7,17,2024-04-25
51,1,331,2024-04-22
51,1,418,2024-04-18
51,5,425,2024-04-22
51,5,135,2024-04-23
51,6,499,2024-04-14
51,4,46,2024-05-06
51,1,290,2024-05-22
51,9,575,2024-05-21
51,10,138,2024-05-27
51,6,510,2024-05-25
51,8,152,2024-06-30
51,8,234,2024-06-24
51,10,361,2024-07-09
51,8,210,2024-06-21
51,3,583,2024-06-18
51,8,464,2024-07-07
51,4,413,2024-06-15
51,6,127,2024-06-17
51,1,397,2024-07-06
51,2,274,2024-06-22
51,6,139,2024-06-16
51,2,117,2024-07-01
51,4,529,2024-06-28
51,10,134,2024-06-27
51,9,365,2024-06-17
51,10,375,2024-07-07
51,3,207,2024-06-17
51,4,443,2024-06-30
51,1,93,2024-07-03
52,7,158,2024-04-30
52,7,112,2024-04-15
52,10,98,2024-04-19
52,4,308,2024-04-20
52,10,140,2024-05-20
52,8,464,2024-06-06
52,3,60,2024-06-05
52,1,190,2024-06-16
52,9,315,2024-06-15
52,5,177,2024-06-16
52,6,215,2024-07-01
52,6,332,2024-07-20
52,7,23,2024-07-25
52,1,245,2024-08-02
52,2,112,2024-07-29
52,10,200,2024-07-28
52,5,7,2024-08-02
52,5,416,2024-07-23
52,8,293,2024-08-21
52,4,319,2024-08-19
52,8,172,2024-09-02
52,9,321,2024-08-10
52,4,454,2024-08-17
52,10,83,2024-08-09
52,2,234,2024-09-04
52,4,449,2024-08-22
52,10,175,2024-09-09
52,4,385,2024-09-14
53,6,228,2024-05-11
53,8,62,2024-04-21
53,3,133,2024-04-22
53,4,71,2024-04-21
53,2,558,2024-04-22
53,10,588,2024-04-24
53,9,102,2024-05-14
53,5,65,2024-04-15
53,9,62,2024-05-04
53,1,410,2024-04-26
53,3,454,2024-05-14
53,8,202,2024-04-16
53,8,302,2024-05-13
53,1,32,2024-04-25
53,2,191,2024-05-13
53,10,226,2024-04-30
53,9,485,2024-04-22
53,4,23,2024-04-16
53,3,370,2024-05-05
53,2,160,2024-05-05
53,9,450,2024-05-09
53,7,135,2024-04-28
53,5,136,2024-05-07
53,6,177,2024-05-23
53,5,138,2024-05-24
53,4,44,2024-06-10
53,8,367,2024-06-04
53,7,19,2024-05-29
53,8,51,2024-05-23
53,8,593,2024-05-22
53,4,326,2024-06-13
53,10,377,2024-05-19
53,7,77,2024-05-29
53,1,441,2024-06-13
53,6,219,2024-06-03
53,6,485,2024-06-02
53,2,110,2024-07-04
53,7,101,2024-06-28
53,9,319,2024-06-21
53,9,46,2024-07-09
53,2,17,2024-07-11
53,4,388,2024-06-27
53,2,371,2024-06-19
53,1,24,2024-06-22
53,3,514,2024-06-15
53,6,461,2024-06-24
53,1,574,2024-06-25
53,5,571,2024-06-23
53,4,279,2024-08-13
53,7,21,2024-07-25
53,9,135,2024-07-30
53,7,186,2024-08-06
53,9,69,2024-07-20
53,3,496,2024-08-11
53,2,333,2024-07-15
53,10,263,2024-07-19
53,6,16,2024-08-07
53,4,118,2024-07-28
53,8,562,2024-09-02
53,4,348,2024-09-08
53,5,561,2024-08-18
53,4,312,2024-09-07
53,10,150,2024-09-07
53,9,581,2024-08-31
53,1,354,2024-08-16
53,5,119,2024-08-21
53,4,478,2024-09-13
53,10,195,2024-09-10
53,2,496,2024-08-17
53,8,273,2024-08-30
53,4,263,2024-08-30
53,5,225,2024-09-05
53,5,195,2024-09-10
53,9,499,2024-10-02
53,5,41,2024-09-22
53,6,371,2024-10-06
53,5,590,2024-09-21
53,9,348,2024-10-01
53,3,278,2024-09-27
53,5,10,2024-10-02
53,3,464,2024-10-02
53,1,583,2024-10-14
54,4,532,2024-01-30
54,8,97,2024-02-13
54,9,153,2024-02-10
54,4,516,2024-01-29
54,8,220,2024-01-27
54,3,32,2024-01-29
54,8,352,2024-02-08
54,10,530,2024-02-02
54,8,358,2024-02-01
54,6,1,2024-01-31
54,7,168,2024-01-22
54,2,417,2024-01-24
54,6,158,2024-02-10
54,4,366,2024-02-09
54,10,335,2024-01-27
54,7,114,2024-02-18
54,7,162,2024-02-09
54,1,309,2024-02-06
54,4,317,2024-02-14
54,8,246,2024-02-04
54,8,391,2024-01-28
54,7,78,2024-01-24
54,10,214,2024-03-21
54,6,142,2024-03-05
54,2,461,2024-02-23
54,2,54,2024-02-24
54,5,595,2024-03-07
54,4,499,2024-03-14
54,1,112,2024-03-06
54,6,20,2024-02-21
54,1,197,2024-03-21
54,5,492,2024-02-24
54,9,68,2024-03-14
54,5,512,2024-03-12
54,6,536,2024-03-06
54,2,380,2024-04-01
54,8,339,2024-04-17
54,8,169,2024-03-25
54,5,262,2024-04-12
54,3,229,2024-03-21
54,10,149,2024-04-09
54,1,111,2024-04-06
54,8,64,2024-04-19
54,10,354,2024-04-15
54,5,13,2024-03-26
54,9,239,2024-04-19
54,7,86,2024-04-10
54,6,319,2024-04-19
54,4,481,2024-04-04
54,9,416,2024-03-31
54,5,152,2024-03-27
54,8,225,2024-04-14
54,1,360,2024-04-17
54,1,46,2024-03-21
54,6,245,2024-04-16
54,6,291,2024-03-30
54,10,566,2024-03-22
54,8,511,2024-04-17
54,6,16,2024-04-02
54,4,356,2024-04-19
54,7,78,2024-03-23
54,3,214,2024-04-14
54,1,433,2024-03-21
54,3,420,2024-04-08
54,4,24,2024-05-17
54,1,75,2024-05-07
54,7,161,2024-04-29
54,8,413,2024-04-21
54,2,436,2024-04-28
54,1,239,2024-04-30
54,4,10,2024-05-01
54,5,265,2024-04-25
54,3,196,2024-04-30
54,7,123,2024-04-26
54,8,161,2024-04-29
54,3,311,2024-05-01
54,3,273,2024-04-30
54,3,86,2024-04-23
54,5,578,2024-04-21
54,7,148,2024-05-01
54,7,134,2024-05-13
54,4,252,2024-05-11
54,3,430,2024-04-23
54,3,199,2024-05-22
54,1,442,2024-05-21
54,7,88,2024-06-25
54,5,274,2024-07-14
54,10,160,2024-07-03
54,1,458,2024-06-29
55,4,34,2024-02-20
55,2,16,2024-02-05
55,5,553,2024-02-21
55,8,472,2024-02-16
55,4,510,2024-02-14
55,4,176,2024-01-31
55,6,367,2024-02-04
55,2,56,2024-02-19
55,3,573,2024-02-20
55,5,576,2024-02-03
55,6,231,2024-02-09
55,10,535,2024-03-11
55,10,387,2024-03-27
55,2,320,2024-03-26
55,7,164,2024-03-15
55,6,422,2024-03-20
55,5,458,2024-04-17
55,9,382,2024-04-17
55,10,358,2024-04-07
55,4,58,2024-04-10
55,1,418,2024-05-07
55,3,103,2024-04-28
55,5,111,2024-06-07
55,10,14,2024-06-07
55,2,482,2024-06-25
55,1,304,2024-07-24
55,8,184,2024-07-14
55,5,12,2024-07-03
55,2,282,2024-07-02
55,6,169,2024-07-12
55,10,346,2024-07-16
55,9,142,2024-06-28
55,1,53,2024-07-19
55,8,414,2024-07-10
55,2,557,2024-07-15
55,3,403,2024-07-10
55,3,324,2024-07-16
56,7,186,2024-05-15
56,5,239,2024-05-22
56,4,224,2024-05-23
56,9,429,2024-05-27
56,3,66,2024-05-15
56,7,125,2024-05-17
56,7,129,2024-05-02
56,5,382,2024-05-27
56,6,111,2024-05-28
56,9,158,2024-05-23
56,4,599,2024-05-21
56,8,68,2024-05-17
56,7,159,2024-05-28
56,4,361,2024-05-08
56,7,85,2024-05-18
56,3,588,2024-05-28
56,4,241,2024-05-28
56,10,565,2024-05-13
56,8,31,2024-05-03
56,10,282,2024-05-19
56,9,521,2024-05-06
56,10,536,2024-05-11
56,4,590,2024-05-21
56,3,375,2024-05-02
56,7,53,2024-05-19
56,3,232,2024-05-19
56,8,483,2024-05-09
56,9,70,2024-05-14
56,5,53,2024-05-12
56,3,379,2024-04-30
56,7,63,2024-05-04
56,4,121,2024-05-25
56,1,107,2024-05-14
56,4,16,2024-05-02
56,6,309,2024-05-22
56,1,181,2024-05-13
56,2,354,2024-05-26
56,2,282,2024-05-02
56,4,559,2024-05-04
56,4,596,2024-05-04
56,10,336,2024-05-24
56,9,156,2024-05-29
56,3,358,2024-05-09
56,4,483,2024-05-21
56,6,98,2024-05-24
56,8,198,2024-05-16
56,2,479,2024-05-03
56,7,10,2024-05-20
56,10,162,2024-05-28
56,1,186,2024-05-13
56,1,448,2024-05-22
56,9,440,2024-04-30
56,5,438,2024-05-03
56,1,202,2024-05-14
56,4,180,2024-05-13
56,5,475,2024-05-24
56,4,217,2024-05-08
56,1,453,2024-05-08
56,4,240,2024-05-01
56,10,48,2024-05-17
56,2,208,2024-05-28
56,1,144,2024-05-02
56,10,465,2024-05-03
56,1,334,2024-05-23
56,9,412,2024-05-06
56,1,36,2024-05-09
56,1,223,2024-05-18
56,2,241,2024-05-05
56,7,102,2024-05-24
56,9,498,2024-05-01
56,9,545,2024-05-22
56,9,6,2024-05-29
56,2,137,2024-05-02
56,9,216,2024-05-14
56,7,168,2024-05-25
56,6,471,2024-05-03
56,10,142,2024-05-20
56,8,103,2024-05-06
56,8,42,2024-05-18
56,3,66,2024-05-14
56,1,298,2024-05-05
56,6,428,2024-05-23
56,6,38,2024-04-30
56,7,151,2024-05-09
56,9,335,2024-05-27
56,7,36,2024-05-24
56,1,456,2024-05-02
56,1,34,2024-05-14
56,6,238,2024-05-18
56,9,541,2024-05-02
56,2,304,2024-05-29
56,5,207,2024-05-15
56,9,481,2024-05-09
56,3,587,2024-05-08
56,1,284,2024-05-24
56,9,379,2024-05-16
56,6,360,2024-05-15
56,5,405,2024-04-30
56,1,157,2024-05-20
56,8,202,2024-05-17
56,10,96,2024-06-07
56,3,406,2024-06-25
56,7,67,2024-05-30
56,2,587,2024-06-12
56,10,231,2024-06-21
56,1,186,2024-06-05
56,10,27,2024-06-20
56,7,135,2024-05-30
56,10,21,2024-06-13
56,8,472,2024-06-17
56,3,55,2024-06-13
56,4,6,2024-06-23
56,10,50,2024-06-14
56,2,230,2024-06-17
56,1,306,2024-06-28
56,7,116,2024-06-10
56,2,59,2024-06-10
56,8,132,2024-06-02
56,2,593,2024-06-15
56,3,230,2024-06-21
56,9,277,2024-06-07
56,8,144,2024-06-25
56,3,80,2024-06-23
56,4,174,2024-06-12
56,6,596,2024-06-11
56,9,374,2024-06-25
56,3,330,2024-06-18
56,2,155,2024-06-22
56,10,168,2024-06-15
56,10,423,2024-06-13
56,2,457,2024-06-06
56,9,554,2024-06-27
56,4,104,2024-06-21
56,7,185,2024-06-13
56,10,193,2024-06-15
56,7,165,2024-06-18
56,5,266,2024-06-24
56,6,556,2024-06-08
56,6,226,2024-06-17
56,4,348,2024-06-26
56,9,524,2024-06-16
56,8,249,2024-06-21
56,9,182,2024-05-31
56,8,106,2024-06-07
56,8,72,2024-06-17
56,3,457,2024-06-11
56,9,479,2024-06-23
56,4,574,2024-06-21
56,8,239,2024-06-27
56,5,495,2024-06-23
56,6,403,2024-06-01
56,10,369,2024-06-27
56,8,402,2024-06-10
56,1,23,2024-06-28
56,9,118,2024-06-22
56,8,55,2024-06-23
56,9,268,2024-06-09
56,1,166,2024-06-26
56,8,217,2024-06-13
56,4,50,2024-06-09
56,9,456,2024-06-01
56,5,145,2024-06-02
56,5,412,2024-06-16
56,3,124,2024-06-20
56,6,47,2024-06-05
56,9,276,2024-06-03
56,2,448,2024-06-20
56,4,389,2024-06-05
56,6,278,2024-06-08
56,8,445,2024-06-12
56,4,540,2024-06-21
56,3,385,2024-06-27
56,9,22,2024-05-31
56,8,186,2024-06-04
56,7,141,2024-05-30
56,3,463,2024-05-30
56,10,65,2024-06-26
56,1,183,2024-06-05
56,5,482,2024-06-19
56,7,174,2024-06-23
56,6,220,2024-06-12
56,10,195,2024-06-23
56,7,91,2024-06-12
56,6,151,2024-06-13
56,8,549,2024-06-01
56,8,83,2024-07-08
56,2,454,2024-06-30
56,5,89,2024-07-12
56,6,420,2024-06-30
56,5,354,2024-07-23
56,4,145,2024-07-09
56,7,44,2024-07-26
56,2,495,2024-07-12
56,9,531,2024-07-15
56,9,513,2024-07-01
56,2,250,2024-07-29
56,3,138,2024-07-18
56,10,464,2024-07-12
56,2,456,2024-07-23
56,2,173,2024-07-24
56,7,149,2024-07-22
56,8,57,2024-07-17
56,6,169,2024-07-28
56,6,561,2024-07-11
56,3,347,2024-07-04
56,7,179,2024-07-24
56,10,501,2024-07-02
56,5,112,2024-07-19
56,10,348,2024-07-05
56,8,316,2024-07-03
56,9,54,2024-07-04
56,3,270,2024-07-27
56,4,428,2024-07-05
56,3,1,2024-07-22
56,7,28,2024-07-15
56,4,425,2024-07-27
56,2,445,2024-07-16
56,3,39,2024-07-24
56,2,211,2024-07-20
56,9,133,2024-06-30
56,8,111,2024-07-10
56,2,238,2024-07-26
56,9,516,2024-07-11
56,1,173,2024-06-30
56,3,568,2024-07-17
56,9,84,2024-07-29
56,2,209,2024-07-09
56,7,59,2024-07-09
56,3,244,2024-07-26
56,9,566,2024-07-29
56,1,393,2024-07-08
56,5,153,2024-07-13
56,2,266,2024-07-20
56,8,595,2024-07-26
56,6,326,2024-07-06
56,3,553,2024-07-23
56,9,76,2024-08-22
56,6,523,2024-08-14
56,8,274,2024-08-25
56,6,55,2024-08-22
56,9,277,2024-08-25
56,3,418,2024-08-22
56,1,570,2024-08-14
56,6,146,2024-08-01
56,8,385,2024-08-04
56,3,371,2024-08-09
56,8,197,2024-08-18
56,9,597,2024-08-26
56,4,120,2024-08-22
56,8,573,2024-08-15
56,2,532,2024-08-14
56,10,299,2024-08-08
56,3,409,2024-08-23
56,9,71,2024-08-13
56,4,209,2024-08-01
56,8,282,2024-08-08
56,2,206,2024-08-06
56,7,91,2024-08-08
56,9,79,2024-08-03
56,6,562,2024-07-31
56,10,111,2024-08-06
56,5,9,2024-08-18
56,3,186,2024-08-13
56,8,433,2024-08-23
56,4,392,2024-08-01
56,3,494,2024-08-07
56,3,420,2024-08-23
56,4,563,2024-08-28
56,7,54,2024-08-15
56,10,280,2024-08-15
56,4,519,2024-08-12
56,4,566,2024-09-21
56,10,79,2024-09-24
56,1,249,2024-09-28
56,8,471,2024-09-07
56,3,356,2024-09-14
56,7,150,2024-09-12
56,2,464,2024-09-14
56,2,455,2024-09-23
56,9,327,2024-09-25
56,8,336,2024-09-24
56,3,81,2024-09-21
56,8,258,2024-09-23
56,4,123,2024-09-23
56,3,443,2024-08-31
56,3,305,2024-09-03
56,4,285,2024-09-15
56,10,262,2024-09-28
56,2,31,2024-09-28
56,7,12,2024-09-10
56,9,91,2024-09-22
56,5,301,2024-09-13
56,4,433,2024-08-30
56,6,447,2024-09-16
56,6,240,2024-09-12
56,9,418,2024-09-22
56,6,444,2024-09-20
56,7,5,2024-09-10
56,4,566,2024-09-22
56,4,551,2024-09-04
56,4,237,2024-09-02
56,10,469,2024-09-06
56,7,37,2024-09-01
56,1,381,2024-09-21
56,3,525,2024-09-10
56,8,375,2024-09-07
56,3,49,2024-09-26
56,10,205,2024-09-12
56,1,386,2024-08-31
56,7,105,2024-09-22
56,4,482,2024-09-17
56,10,201,2024-09-22
56,3,458,2024-09-17
56,10,364,2024-09-12
56,8,340,2024-09-02
56,6,108,2024-09-26
56,2,167,2024-09-03
56,10,224,2024-09-04
56,6,126,2024-09-12
56,6,346,2024-09-10
56,8,330,2024-09-14
56,4,282,2024-09-06
56,9,401,2024-09-05
56,1,270,2024-09-15
56,2,219,2024-09-12
56,1,285,2024-09-03
56,7,174,2024-09-22
56,5,125,2024-09-19
56,8,188,2024-09-22
56,9,530,2024-09-02
56,8,468,2024-09-24
56,1,176,2024-09-16
56,7,65,2024-09-26
56,1,50,2024-09-02
56,7,84,2024-09-19
56,4,223,2024-09-04
56,3,262,2024-09-11
56,7,135,2024-09-22
56,4,24,2024-09-03
56,3,356,2024-09-22
56,6,575,2024-09-27
56,5,365,2024-09-23
56,10,291,2024-09-21
56,9,219,2024-09-11
56,4,362,2024-09-24
56,3,477,2024-08-30
56,2,340,2024-09-23
56,9,226,2024-09-17
56,3,16,2024-09-19
56,3,566,2024-09-16
56,6,454,2024-09-16
56,6,166,2024-09-20
56,5,333,2024-09-13
56,5,507,2024-08-30
56,9,259,2024-09-16
56,10,310,2024-09-06
56,2,68,2024-09-16
56,9,386,2024-09-08
56,2,253,2024-09-19
56,5,428,2024-09-21
56,1,380,2024-08-31
56,6,98,2024-09-14
56,4,528,2024-09-04
56,7,42,2024-09-03
56,8,165,2024-09-18
56,6,518,2024-09-20
56,1,293,2024-09-21
56,1,177,2024-09-27
56,6,7,2024-09-20
56,5,398,2024-09-14
56,3,393,2024-09-13
56,5,498,2024-09-28
56,10,426,2024-09-21
56,3,129,2024-09-01
56,9,131,2024-09-02
56,1,323,2024-09-21
56,4,543,2024-08-31
56,5,31,2024-09-19
56,2,415,2024-09-13
56,6,500,2024-09-28
56,1,595,2024-09-12
56,9,375,2024-09-27
56,6,558,2024-08-30
56,9,573,2024-09-07
56,1,526,2024-09-11
56,6,578,2024-09-24
56,8,312,2024-09-04
56,9,67,2024-09-16
56,2,374,2024-09-21
56,6,235,2024-09-01
56,5,408,2024-09-20
56,2,239,2024-09-14
56,7,112,2024-09-22
56,4,476,2024-09-14
56,1,290,2024-09-14
56,4,582,2024-09-16
56,7,34,2024-09-17
56,9,349,2024-09-02
56,5,89,2024-09-05
56,8,523,2024-09-18
56,7,36,2024-09-16
56,10,38,2024-09-23
56,2,513,2024-09-06
56,3,381,2024-10-27
56,9,394,2024-10-17
56,1,32,2024-09-30
56,8,234,2024-10-25
56,10,434,2024-10-28
56,9,441,2024-10-01
56,3,354,2024-10-05
56,7,182,2024-10-18
56,3,498,2024-10-15
56,2,172,2024-10-04
56,8,533,2024-10-09
56,4,396,2024-10-09
56,5,33,2024-10-04
56,5,485,2024-10-28
56,2,390,2024-10-20
56,2,160,2024-10-27
56,10,47,2024-10-29
56,8,523,2024-10-25
56,3,365,2024-10-26
56,4,144,2024-10-06
56,8,119,2024-10-16
56,1,29,2024-10-20
56,8,366,2024-10-09
56,3,392,2024-10-18
56,4,234,2024-10-22
56,3,292,2024-10-15
56,8,548,2024-10-24
56,4,318,2024-10-19
56,5,465,2024-10-22
56,9,240,2024-10-27
56,9,113,2024-10-05
56,3,184,2024-10-03
56,8,276,2024-10-08
56,6,257,2024-10-12
56,10,435,2024-10-16
56,8,269,2024-10-28
56,10,366,2024-10-26
56,10,159,2024-10-06
56,10,526,2024-10-02
56,2,401,2024-10-20
56,3,570,2024-10-14
56,8,352,2024-10-05
56,10,576,2024-10-29
56,9,288,2024-10-10
56,6,162,2024-10-08
56,2,182,2024-10-17
56,5,82,2024-10-11
56,4,495,2024-10-10
56,3,261,2024-10-05
56,7,106,2024-10-23
56,9,68,2024-10-19
56,7,96,2024-10-11
56,10,554,2024-10-10
56,9,194,2024-10-12
56,6,314,2024-10-25
56,8,384,2024-10-28
56,5,277,2024-10-07
56,1,358,2024-10-25
56,9,220,2024-10-05
56,7,112,2024-10-03
56,10,17,2024-10-08
56,6,499,2024-10-19
56,10,502,2024-10-05
56,9,52,2024-10-04
56,5,259,2024-10-01
56,8,303,2024-10-08
56,10,555,2024-10-28
56,9,270,2024-10-04
56,9,480,2024-10-03
56,2,115,2024-09-30
56,5,1,2024-10-11
56,1,391,2024-10-01
56,8,377,2024-10-14
56,10,42,2024-10-18
56,3,494,2024-10-08
56,9,124,2024-10-24
56,6,456,2024-10-10
56,8,492,2024-10-09
56,7,132,2024-10-15
56,4,550,2024-10-29
56,9,5,2024-10-20
56,8,209,2024-10-24
56,8,342,2024-10-12
56,1,462,2024-10-01
56,10,211,2024-10-25
56,3,2,2024-10-27
56,2,150,2024-10-06
56,4,497,2024-10-05
56,7,70,2024-10-08
56,4,252,2024-10-29
56,10,292,2024-10-25
56,5,586,2024-10-17
56,9,509,2024-09-30
56,5,293,2024-10-07
56,6,214,2024-10-21
56,4,15,2024-10-16
56,3,45,2024-10-25
56,6,170,2024-10-16
56,5,594,2024-10-16
56,4,246,2024-10-06
56,9,552,2024-10-07
56,9,179,2024-10-08
56,7,95,2024-10-19
56,1,112,2024-10-06
56,10,598,2024-10-02
56,5,179,2024-10-07
56,5,474,2024-10-25
56,6,312,2024-10-24
56,3,525,2024-10-05
56,6,450,2024-10-25
56,8,203,2024-10-10
56,8,462,2024-10-12
56,8,111,2024-10-11
56,3,469,2024-10-22
56,5,561,2024-10-25
56,2,331,2024-10-03
56,9,454,2024-10-23
56,2,111,2024-10-04
56,1,33,2024-10-10
56,9,226,2024-10-06
56,3,222,2024-10-17
56,4,167,2024-10-22
56,9,300,2024-10-28
56,3,407,2024-10-21
56,10,101,2024-10-24
56,7,167,2024-10-27
56,3,369,2024-10-15
56,5,26,2024-10-18
56,9,50,2024-10-18
56,4,410,2024-09-30
56,4,324,2024-10-08
56,8,221,2024-10-22
56,6,567,2024-10-10
56,4,110,2024-10-20
56,6,410,2024-09-30
56,4,108,2024-10-04
56,9,447,2024-10-21
56,4,66,2024-10-15
56,5,504,2024-10-23
56,6,321,2024-10-14
56,8,580,2024-10-29
56,2,370,2024-10-12
56,4,458,2024-09-30
56,2,163,2024-10-16
56,8,350,2024-10-11
56,4,426,2024-10-06
56,10,255,2024-10-21
56,6,444,2024-10-16
56,1,46,2024-10-10
56,2,353,2024-10-10
56,2,80,2024-10-21
56,3,564,2024-09-30
56,5,596,2024-10-07
56,3,538,2024-09-30
56,10,414,2024-09-30
56,5,553,2024-10-04
56,2,397,2024-10-17
56,10,571,2024-10-23
56,10,180,2024-10-01
56,4,524,2024-10-10
56,4,329,2024-10-09
56,6,15,2024-10-09
56,6,289,2024-10-28
56,5,244,2024-10-29
56,5,567,2024-10-25
56,6,174,2024-10-19
56,6,509,2024-10-19
56,8,303,2024-10-18
56,8,77,2024-10-17
56,6,184,2024-10-16
56,6,281,2024-10-14
56,10,474,2024-10-17
56,1,357,2024-10-05
56,1,27,2024-10-03
56,9,399,2024-10-05
56,9,210,2024-10-21
56,4,302,2024-10-02
56,1,257,2024-10-11
56,9,9,2024-10-04
56,2,205,2024-10-23
56,10,406,2024-10-06
56,6,372,2024-10-06
56,4,202,2024-10-25
56,9,437,2024-10-23
56,6,52,2024-10-11
56,3,480,2024-10-10
57,4,542,2024-05-11
57,3,572,2024-05-13
57,3,360,2024-05-13
57,7,139,2024-05-16
57,5,271,2024-05-27
57,7,94,2024-05-26
57,8,390,2024-06-03
57,3,580,2024-05-31
57,3,433,2024-05-30
57,3,187,2024-05-23
57,10,390,2024-06-03
57,3,550,2024-05-19
57,4,349,2024-05-28
57,10,26,2024-05-24
57,4,187,2024-06-20
57,4,279,2024-06-29
57,8,25,2024-06-25
57,10,29,2024-07-06
57,3,313,2024-06-16
57,10,295,2024-06-24
57,2,223,2024-06-19
57,6,532,2024-06-29
57,5,173,2024-06-12
57,4,479,2024-06-28
57,2,167,2024-06-20
57,1,118,2024-06-12
57,2,175,2024-06-11
57,8,193,2024-08-03
57,7,88,2024-07-29
57,4,71,2024-08-05
57,6,44,2024-07-24
57,6,14,2024-07-27
57,10,415,2024-07-12
57,5,169,2024-08-01
57,3,246,2024-07-18
57,1,243,2024-07-18
57,7,71,2024-07-26
57,3,342,2024-08-06
57,9,380,2024-09-07
57,4,381,2024-08-18
57,7,57,2024-10-05
57,9,133,2024-09-23
57,3,392,2024-10-02
57,9,523,2024-10-08
57,6,354,2024-09-11
57,10,513,2024-10-22
57,2,488,2024-10-30
57,3,61,2024-10-24
57,6,302,2024-10-18
57,6,41,2024-10-15
57,9,297,2024-10-15
57,9,240,2024-10-30
57,7,138,2024-10-29
57,6,449,2024-10-10
57,4,27,2024-10-17
57,7,81,2024-10-29
57,4,597,2024-11-04
57,9,272,2024-10-11
57,4,184,2024-10-11
57,3,509,2024-11-02
57,5,122,2024-10-09
57,7,119,2024-10-14
57,6,592,2024-10-18
57,9,17,2024-10-15
57,10,423,2024-11-01
57,6,465,2024-11-02
57,4,355,2024-10-14
57,10,124,2024-10-24
57,9,480,2024-11-03
57,4,409,2024-10-29
57,7,115,2024-10-11
57,3,552,2024-10-22
58,10,227,2024-05-27
58,4,54,2024-04-29
58,1,4,2024-05-21
58,6,89,2024-05-21
58,5,234,2024-05-23
58,1,571,2024-05-23
58,6,556,2024-05-18
58,5,272,2024-05-15
58,7,189,2024-05-13
58,8,219,2024-05-19
58,2,266,2024-05-23
58,4,43,2024-05-07
58,4,227,2024-05-09
58,3,307,2024-05-12
58,8,34,2024-05-25
58,2,130,2024-05-08
58,6,384,2024-06-08
58,1,594,2024-06-11
58,1,207,2024-06-09
58,7,102,2024-05-30
58,2,144,2024-05-30
58,8,382,2024-06-04
58,1,324,2024-06-08
58,4,583,2024-06-15
58,4,125,2024-06-26
58,4,463,2024-06-11
58,1,496,2024-06-09
58,10,432,2024-05-31
58,8,406,2024-06-19
58,9,152,2024-05-30
58,6,576,2024-05-29
58,9,100,2024-06-06
58,3,389,2024-05-29
58,6,19,2024-05-29
58,10,566,2024-06-27
58,10,226,2024-06-13
58,8,430,2024-06-26
58,2,414,2024-05-31
58,9,531,2024-06-04
58,4,115,2024-05-29
58,6,36,2024-06-15
58,7,63,2024-06-23
58,5,438,2024-06-03
58,9,508,2024-05-30
58,6,393,2024-06-25
58,4,285,2024-06-09
58,6,55,2024-06-14
58,5,52,2024-06-10
58,10,399,2024-06-12
58,2,559,2024-06-19
58,7,89,2024-06-08
58,2,240,2024-06-07
58,9,315,2024-06-18
58,6,198,2024-06-08
58,3,507,2024-06-08
58,10,591,2024-06-10
58,7,101,2024-05-30
58,3,233,2024-06-12
58,6,232,2024-06-21
58,5,273,2024-06-19
58,7,41,2024-06-13
58,2,77,2024-06-15
58,10,117,2024-06-15
58,3,571,2024-06-01
58,3,425,2024-06-07
58,2,295,2024-06-12
58,3,440,2024-06-17
58,4,23,2024-06-14
58,7,154,2024-06-08
58,2,252,2024-06-11
58,6,543,2024-06-26
58,9,163,2024-06-14
58,4,436,2024-06-13
58,7,10,2024-07-05
58,7,28,2024-07-16
58,9,118,2024-07-16
58,1,587,2024-06-29
58,1,558,2024-07-26
58,9,444,2024-07-26
58,1,259,2024-07-17
58,8,198,2024-07-25
58,4,445,2024-07-24
58,6,305,2024-07-17
58,1,54,2024-07-14
58,3,305,2024-07-20
58,5,524,2024-07-26
58,8,126,2024-06-30
58,8,405,2024-07-14
58,8,28,2024-07-14
58,10,52,2024-07-13
58,4,511,2024-07-13
58,4,574,2024-07-09
58,6,553,2024-07-07
58,3,284,2024-07-03
58,9,130,2024-07-01
58,10,364,2024-07-14
58,5,458,2024-07-26
58,7,141,2024-07-14
58,8,456,2024-07-28
58,1,158,2024-07-15
58,3,241,2024-07-24
58,8,305,2024-07-23
58,2,14,2024-07-05
58,9,243,2024-06-29
58,1,415,2024-07-08
58,6,358,2024-07-03
58,2,18,2024-08-21
58,1,568,2024-08-24
58,10,155,2024-08-20
58,7,85,2024-08-16
58,7,151,2024-08-04
58,2,483,2024-08-16
58,4,570,2024-08-12
58,1,47,2024-08-09
58,7,171,2024-08-17
58,1,453,2024-08-25
58,2,87,2024-08-27
58,10,282,2024-08-04
58,10,453,2024-08-12
58,10,31,2024-08-19
58,1,212,2024-08-17
58,8,354,2024-08-14
58,7,38,2024-08-18
58,8,395,2024-08-12
58,2,562,2024-08-22
58,1,406,2024-08-10
58,3,127,2024-08-26
58,5,420,2024-08-21
58,10,75,2024-08-11
58,2,359,2024-08-02
58,6,291,2024-08-13
58,10,599,2024-08-20
58,2,240,2024-08-14
58,10,594,2024-08-09
58,8,3,2024-08-24
58,4,472,2024-07-31
58,6,483,2024-08-14
58,9,292,2024-08-19
58,7,98,2024-08-21
58,9,366,2024-08-23
58,2,469,2024-07-30
58,5,455,2024-08-19
58,4,14,2024-07-30
58,7,172,2024-08-07
58,9,207,2024-08-11
58,9,573,2024-08-18
58,7,71,2024-08-01
58,5,306,2024-08-05
58,1,236,2024-07-31
58,7,183,2024-08-24
58,5,30,2024-08-01
58,7,163,2024-08-10
58,10,55,2024-07-30
58,8,22,2024-08-09
58,3,515,2024-08-03
58,2,88,2024-08-10
58,9,589,2024-08-20
58,3,78,2024-08-13
58,10,468,2024-08-13
58,10,546,2024-08-22
58,6,98,2024-09-12
58,1,557,2024-09-04
58,1,114,2024-09-04
58,5,241,2024-09-25
58,8,138,2024-09-20
58,4,143,2024-09-20
58,2,262,2024-08-29
58,7,167,2024-09-09
58,4,31,2024-09-07
58,5,169,2024-09-07
58,4,459,2024-09-22
58,3,441,2024-08-29
58,7,4,2024-09-04
58,10,335,2024-09-13
58,6,260,2024-09-01
58,8,119,2024-09-01
58,6,470,2024-09-14
58,2,500,2024-09-03
58,6,370,2024-09-26
58,5,5,2024-09-02
58,10,552,2024-09-23
58,7,140,2024-09-27
58,9,540,2024-09-08
58,1,310,2024-09-15
58,6,459,2024-10-27
58,10,361,2024-10-24
58,5,583,2024-10-20
58,5,32,2024-10-17
58,1,513,2024-10-20
58,9,248,2024-10-10
58,2,297,2024-10-06
58,9,352,2024-10-23
58,2,317,2024-09-29
58,9,234,2024-10-06
58,7,126,2024-10-27
58,8,428,2024-10-15
58,9,428,2024-10-14
58,10,59,2024-10-23
58,9,512,2024-10-12
58,6,34,2024-10-25
58,4,481,2024-10-28
58,9,93,2024-10-18
58,5,419,2024-10-18
58,5,444,2024-09-29
58,9,298,2024-10-27
58,10,304,2024-10-28
58,4,448,2024-10-23
58,4,302,2024-10-15
58,5,77,2024-10-23
58,3,549,2024-10-14
58,3,92,2024-10-17
58,1,466,2024-10-16
58,9,599,2024-10-06
58,2,329,2024-10-27
58,3,554,2024-10-27
58,2,109,2024-10-26
58,4,423,2024-10-26
58,3,240,2024-10-17
58,4,400,2024-09-30
58,10,468,2024-10-08
58,3,210,2024-10-09
58,9,147,2024-10-18
58,10,575,2024-10-24
58,3,312,2024-10-06
58,6,129,2024-10-18
58,8,358,2024-09-30
58,3,252,2024-10-05
58,4,319,2024-10-14
58,5,344,2024-10-28
58,7,112,2024-10-13
58,5,596,2024-10-20
58,6,21,2024-10-03
58,6,283,2024-10-04
58,3,232,2024-10-26
59,6,22,2024-04-07
59,4,552,2024-03-26
59,8,365,2024-04-10
59,7,17,2024-04-14
59,5,147,2024-04-06
59,9,330,2024-03-21
59,6,352,2024-03-22
59,3,101,2024-03-26
59,10,353,2024-04-30
59,7,134,2024-04-25
59,2,211,2024-05-08
59,3,377,2024-04-25
59,2,51,2024-05-15
59,6,310,2024-05-04
59,6,220,2024-04-22
59,8,569,2024-05-11
59,2,115,2024-05-08
59,8,149,2024-05-06
59,6,590,2024-06-14
59,9,479,2024-07-07
59,2,380,2024-07-07
59,7,129,2024-08-18
59,1,132,2024-09-14
59,1,141,2024-09-02
60,4,318,2024-02-01
60,3,364,2024-01-29
60,1,542,2024-01-08
60,8,14,2024-01-11
60,3,359,2024-02-05
60,2,363,2024-01-14
60,1,527,2024-01-07
60,3,499,2024-01-19
60,7,151,2024-01-10
60,2,593,2024-02-05
60,9,542,2024-01-13
60,10,94,2024-01-25
60,7,37,2024-02-03
60,3,89,2024-01-08
60,7,166,2024-01-20
60,7,182,2024-01-08
60,5,387,2024-01-15
60,8,474,2024-01-17
60,2,447,2024-01-07
60,4,68,2024-02-03
60,10,178,2024-01-29
60,3,103,2024-01-23
60,6,116,2024-02-02
60,8,464,2024-01-14
60,3,308,2024-01-21
60,1,302,2024-01-22
60,7,109,2024-01-31
60,10,361,2024-01-12
60,8,588,2024-02-05
60,7,84,2024-02-05
60,4,566,2024-01-20
60,4,443,2024-01-13
60,8,222,2024-01-14
60,2,394,2024-01-24
60,2,530,2024-01-22
60,4,340,2024-02-29
60,10,209,2024-03-07
60,1,15,2024-03-03
60,10,557,2024-03-07
60,3,278,2024-02-16
60,6,198,2024-02-11
60,7,44,2024-02-18
60,7,60,2024-02-07
60,7,89,2024-02-24
60,7,115,2024-02-28
60,3,571,2024-03-04
60,5,447,2024-02-08
60,8,462,2024-02-14
60,7,134,2024-02-07
60,8,360,2024-02-17
60,2,88,2024-02-16
60,4,535,2024-02-22
60,5,56,2024-02-18
60,6,542,2024-02-11
60,1,307,2024-02-16
60,9,302,2024-03-02
60,5,562,2024-02-18
60,5,510,2024-02-15
60,4,265,2024-02-09
60,1,374,2024-02-21
60,10,302,2024-02-13
60,4,52,2024-02-22
60,3,593,2024-02-19
60,1,261,2024-03-12
60,10,373,2024-03-07
60,5,81,2024-04-02
60,3,60,2024-04-04
60,2,349,2024-03-23
60,4,290,2024-03-11
60,10,257,2024-05-03
60,10,388,2024-04-13
60,2,290,2024-04-07
60,5,278,2024-04-22
60,6,178,2024-04-22
60,7,86,2024-04-30
60,6,217,2024-04-16
60,2,480,2024-05-23
60,3,460,2024-05-15
60,2,85,2024-05-10
60,3,469,2024-05-22
60,6,177,2024-05-08
60,1,83,2024-05-14
60,8,532,2024-05-12
60,7,98,2024-06-25
60,8,63,2024-07-01
60,3,348,2024-06-18
60,10,176,2024-06-18
60,8,554,2024-06-09
60,7,169,2024-06-18
60,6,147,2024-06-22
60,5,439,2024-06-30
60,4,402,2024-06-16
60,2,140,2024-06-25
60,8,225,2024-06-20
60,7,38,2024-06-20
60,2,521,2024-07-05
60,5,98,2024-06-25
60,7,39,2024-06-16
61,3,544,2024-04-28
61,3,280,2024-04-22
61,8,120,2024-04-16
61,9,82,2024-04-14
61,4,470,2024-04-05
61,1,24,2024-04-27
61,7,189,2024-04-18
61,1,186,2024-04-21
61,1,341,2024-05-24
61,5,445,2024-05-13
61,5,494,2024-08-13
61,6,445,2024-08-22
62,5,564,2024-05-16
62,5,515,2024-04-18
62,4,214,2024-04-19
62,2,289,2024-04-26
62,3,258,2024-04-21
62,6,545,2024-04-26
62,9,40,2024-04-23
62,4,210,2024-05-03
62,8,599,2024-05-15
62,4,515,2024-05-02
62,6,255,2024-04-18
62,2,535,2024-04-28
62,3,17,2024-05-05
62,10,185,2024-04-24
62,7,78,2024-05-13
62,8,556,2024-04-29
62,8,80,2024-04-26
62,2,302,2024-05-11
62,8,541,2024-05-03
62,5,5,2024-05-07
62,5,141,2024-04-20
62,1,345,2024-05-05
62,10,82,2024-05-17
62,4,290,2024-04-24
62,10,463,2024-05-04
62,2,91,2024-05-08
62,2,249,2024-04-21
62,9,572,2024-05-04
62,1,241,2024-05-17
62,4,471,2024-05-02
62,1,275,2024-05-12
62,9,208,2024-05-15
62,6,160,2024-04-30
62,6,500,2024-05-04
62,5,381,2024-05-04
62,1,389,2024-04-22
62,7,176,2024-05-05
62,6,66,2024-04-30
62,10,117,2024-05-07
62,10,149,2024-04-19
62,8,179,2024-05-07
62,1,569,2024-04-27
62,5,526,2024-05-11
62,3,436,2024-05-03
62,8,515,2024-05-10
62,9,595,2024-05-11
62,4,393,2024-04-18
62,3,419,2024-05-27
62,2,462,2024-05-27
62,10,152,2024-05-18
62,8,99,2024-06-04
62,9,213,2024-06-01
62,5,374,2024-06-06
62,7,112,2024-05-24
62,9,470,2024-06-02
62,1,44,2024-05-30
62,10,585,2024-05-22
62,7,33,2024-05-21
62,10,580,2024-06-02
62,5,102,2024-06-12
62,7,163,2024-06-11
62,8,593,2024-06-15
62,2,570,2024-06-11
62,9,569,2024-05-18
62,7,63,2024-05-29
62,3,283,2024-06-11
62,8,241,2024-06-11
62,10,593,2024-05-20
62,6,42,2024-06-06
62,2,384,2024-05-30
62,10,485,2024-06-15
62,6,39,2024-05-28
62,9,108,2024-05-29
62,7,84,2024-06-12
62,5,16,2024-06-15
62,6,165,2024-06-07
62,7,144,2024-06-04
62,3,386,2024-06-12
62,10,531,2024-05-23
62,5,475,2024-06-02
62,5,162,2024-05-19
62,1,83,2024-06-14
62,7,155,2024-06-07
62,7,112,2024-06-11
62,6,18,2024-05-18
62,1,281,2024-05-31
62,6,338,2024-05-27
62,3,355,2024-05-25
62,6,217,2024-05-18
62,2,212,2024-06-03
62,9,203,2024-05-30
62,9,153,2024-05-27
62,5,542,2024-07-14
62,3,482,2024-06-23
62,3,75,2024-06-30
62,5,498,2024-07-02
62,2,340,2024-07-07
62,4,241,2024-07-16
62,8,220,2024-06-30
62,10,336,2024-07-12
62,10,29,2024-07-01
62,6,502,2024-07-13
62,7,102,2024-07-14
62,1,232,2024-06-29
62,10,266,2024-06-23
62,7,31,2024-07-14
62,8,259,2024-06-25
62,5,513,2024-06-30
62,6,207,2024-06-24
62,9,195,2024-07-17
62,10,462,2024-07-07
62,4,36,2024-06-20
62,5,281,2024-06-28
62,8,322,2024-07-15
62,9,60,2024-06-27
62,2,165,2024-07-16
62,7,92,2024-06-23
62,8,289,2024-07-16
62,1,53,2024-07-02
62,1,579,2024-07-13
62,9,270,2024-07-16
62,7,124,2024-07-09
62,8,392,2024-07-09
62,4,212,2024-07-07
62,6,491,2024-07-04
62,6,46,2024-08-14
62,1,488,2024-08-14
62,5,462,2024-07-23
62,7,181,2024-08-03
62,9,406,2024-07-30
62,9,484,2024-07-19
62,3,268,2024-07-21
62,10,528,2024-08-14
62,8,19,2024-07-25
62,6,388,2024-08-16
62,7,95,2024-07-31
62,5,37,2024-07-26
62,3,303,2024-08-06
62,5,401,2024-08-09
62,8,518,2024-08-11
62,3,165,2024-07-30
62,9,123,2024-07-18
62,1,547,2024-08-12
62,3,309,2024-08-06
62,6,588,2024-07-25
62,8,43,2024-08-06
62,1,590,2024-07-24
62,6,292,2024-08-08
62,8,147,2024-08-11
62,3,109,2024-08-07
62,2,175,2024-08-13
62,10,2,2024-07-23
62,2,362,2024-08-03
62,8,570,2024-08-02
62,10,289,2024-07-27
62,6,126,2024-08-03
62,8,179,2024-07-22
62,1,572,2024-07-31
62,4,169,2024-08-03
62,3,269,2024-07-29
62,4,215,2024-07-20
62,1,97,2024-08-05
62,6,548,2024-08-03
62,7,34,2024-07-29
62,5,360,2024-08-09
62,8,538,2024-07-31
62,6,336,2024-08-09
62,9,76,2024-08-04
62,2,386,2024-08-08
62,2,259,2024-08-15
62,8,11,2024-07-29
62,4,393,2024-08-10
62,1,184,2024-08-02
62,1,506,2024-08-08
62,7,10,2024-08-15
62,4,24,2024-08-10
62,9,238,2024-08-08
62,4,559,2024-08-09
62,10,499,2024-08-13
62,3,531,2024-08-06
62,2,61,2024-08-07
62,9,473,2024-08-27
62,6,163,2024-09-16
62,10,253,2024-08-26
62,4,165,2024-08-25
62,8,238,2024-09-10
62,6,250,2024-09-02
62,6,416,2024-09-14
62,10,151,2024-09-16
62,9,220,2024-09-10
62,8,335,2024-08-24
62,2,161,2024-09-01
62,2,511,2024-09-08
62,2,42,2024-09-06
62,10,563,2024-09-08
62,8,75,2024-09-08
62,2,123,2024-08-30
62,6,257,2024-09-12
62,6,583,2024-09-30
62,4,149,2024-09-23
62,4,9,2024-10-05
62,4,331,2024-10-11
62,8,207,2024-09-26
62,3,355,2024-10-06
62,9,593,2024-10-10
63,10,162,2024-03-05
63,8,243,2024-02-16
63,9,84,2024-03-10
63,5,451,2024-03-03
63,10,325,2024-02-26
63,6,238,2024-03-03
63,7,145,2024-02-28
63,1,514,2024-03-04
63,4,365,2024-02-16
63,4,194,2024-02-19
63,4,57,2024-02-24
63,1,213,2024-03-09
63,4,380,2024-03-07
63,2,451,2024-03-09
63,10,367,2024-02-22
63,4,113,2024-02-19
63,4,23,2024-03-11
63,9,92,2024-03-07
63,10,155,2024-03-05
63,3,207,2024-03-08
63,1,483,2024-02-20
63,7,103,2024-03-02
63,9,33,2024-02-18
63,9,50,2024-03-10
63,8,551,2024-04-13
63,9,230,2024-04-09
63,5,33,2024-04-03
63,9,16,2024-03-18
63,10,98,2024-04-04
63,5,471,2024-04-07
63,9,349,2024-03-23
63,2,12,2024-04-08
63,8,533,2024-04-13
63,3,545,2024-03-23
63,10,77,2024-03-20
63,6,297,2024-03-25
63,8,190,2024-03-26
63,4,94,2024-05-02
63,5,250,2024-04-22
63,1,182,2024-04-26
63,9,83,2024-05-11
63,5,567,2024-05-04
63,7,90,2024-05-07
63,6,267,2024-05-12
63,4,232,2024-04-24
63,2,572,2024-05-05
63,6,384,2024-05-15
63,7,132,2024-05-09
63,10,472,2024-04-16
63,8,570,2024-05-15
63,3,384,2024-04-20
63,10,360,2024-04-26
63,6,452,2024-04-30
63,4,172,2024-05-05
63,6,445,2024-05-06
63,10,542,2024-05-09
63,7,104,2024-05-05
63,8,381,2024-04-21
63,3,93,2024-04-23
63,7,138,2024-04-20
63,4,433,2024-05-11
63,3,40,2024-05-15
63,8,85,2024-05-01
63,5,91,2024-04-19
63,1,193,2024-05-14
63,6,244,2024-05-05
63,9,19,2024-05-23
63,2,516,2024-05-16
63,5,450,2024-06-11
63,1,319,2024-05-24
63,6,124,2024-06-04
63,3,488,2024-05-18
63,1,116,2024-06-11
63,5,320,2024-05-20
63,5,248,2024-05-31
63,8,479,2024-05-24
63,1,357,2024-06-08
63,9,179,2024-05-24
63,8,306,2024-05-30
63,4,463,2024-05-28
63,2,146,2024-06-12
63,8,275,2024-06-07
63,10,497,2024-06-13
63,2,560,2024-06-14
63,2,262,2024-05-22
63,6,443,2024-05-21
63,9,350,2024-06-08
63,6,169,2024-05-27
63,2,343,2024-05-21
63,7,164,2024-06-09
63,7,148,2024-05-20
63,2,232,2024-05-16
63,3,495,2024-05-29
63,1,575,2024-06-05
63,8,384,2024-05-27
63,8,414,2024-05-21
63,3,174,2024-05-23
63,9,56,2024-07-09
63,2,472,2024-06-28
63,5,23,2024-07-15
63,8,486,2024-07-06
63,8,305,2024-07-02
63,3,13,2024-06-27
63,6,150,2024-07-06
63,7,82,2024-07-19
63,1,404,2024-07-28
63,4,237,2024-07-19
63,3,136,2024-08-04
63,8,367,2024-07-19
63,6,248,2024-08-14
63,6,70,2024-07-25
63,4,329,2024-07-31
63,7,174,2024-08-11
63,6,274,2024-07-27
63,6,219,2024-07-30
63,1,399,2024-07-30
64,10,353,2024-03-06
64,8,29,2024-03-16
64,7,141,2024-03-10
64,6,147,2024-03-17
64,4,452,2024-02-23
64,10,486,2024-02-25
64,9,291,2024-03-20
64,9,588,2024-02-23
64,2,158,2024-03-28
64,9,77,2024-04-14
64,7,85,2024-04-26
64,1,435,2024-05-18
64,2,413,2024-05-27
65,4,396,2024-03-16
65,2,380,2024-03-30
65,9,31,2024-03-10
65,6,2,2024-03-04
65,2,135,2024-03-21
65,3,264,2024-03-26
65,9,324,2024-03-10
65,1,379,2024-03-05
65,7,22,2024-04-01
65,10,160,2024-03-12
65,5,199,2024-04-01
65,1,408,2024-03-28
65,5,294,2024-03-16
65,8,290,2024-03-18
65,10,578,2024-03-24
65,6,502,2024-03-25
65,3,329,2024-03-06
65,3,171,2024-03-17
65,2,10,2024-03-13
65,4,257,2024-03-09
65,5,430,2024-03-30
65,2,579,2024-03-07
65,3,557,2024-03-25
65,4,254,2024-03-20
65,5,256,2024-03-27
65,8,501,2024-03-27
65,10,7,2024-03-20
65,7,91,2024-03-27
65,3,418,2024-03-25
65,4,243,2024-03-30
65,6,109,2024-03-28
65,2,10,2024-03-13
65,6,68,2024-04-26
65,2,327,2024-04-21
65,1,523,2024-04-24
65,2,392,2024-05-01
65,8,225,2024-04-23
65,9,541,2024-04-09
65,3,429,2024-05-02
65,1,472,2024-04-30
65,6,300,2024-04-05
65,4,84,2024-04-28
65,9,320,2024-04-15
65,3,294,2024-04-27
65,1,539,2024-04-20
65,7,39,2024-04-05
65,3,450,2024-04-25
65,8,415,2024-04-20
65,9,440,2024-04-12
65,9,171,2024-04-15
65,6,355,2024-04-04
65,8,26,2024-04-22
65,7,173,2024-04-29
65,6,6,2024-05-01
65,3,525,2024-04-16
65,9,205,2024-04-04
65,8,165,2024-04-23
65,1,398,2024-04-14
65,9,223,2024-04-29
65,9,428,2024-04-12
65,3,239,2024-04-15
65,10,90,2024-04-04
65,5,524,2024-04-23
65,9,422,2024-04-25
65,3,53,2024-04-29
65,6,179,2024-04-08
65,5,368,2024-05-19
65,6,467,2024-05-19
65,1,223,2024-05-23
65,4,426,2024-05-05
65,8,326,2024-05-31
65,3,479,2024-05-19
65,1,44,2024-05-30
65,3,536,2024-05-23
65,3,397,2024-05-19
65,4,123,2024-05-19
65,4,130,2024-05-07
65,9,545,2024-06-02
65,5,118,2024-05-15
65,6,160,2024-05-09
65,9,186,2024-05-25
65,8,140,2024-06-18
65,3,285,2024-06-24
65,10,436,2024-07-01
65,1,277,2024-06-21
65,2,375,2024-06-23
65,1,114,2024-06-18
65,7,80,2024-06-28
65,1,315,2024-06-25
65,8,71,2024-06-28
65,2,300,2024-06-19
65,5,45,2024-07-24
65,2,582,2024-07-15
65,4,133,2024-07-26
65,8,277,2024-07-31
65,3,535,2024-07-11
65,3,501,2024-07-14
65,2,532,2024-07-15
65,4,92,2024-08-01
65,8,339,2024-07-24
65,5,4,2024-08-12
65,9,290,2024-08-12
65,9,393,2024-08-19
65,4,263,2024-08-18
65,9,550,2024-08-14
65,4,593,2024-08-07
66,2,37,2024-04-28
66,8,46,2024-04-27
66,5,301,2024-05-03
66,4,62,2024-05-07
66,10,581,2024-05-03
66,8,354,2024-05-13
66,8,71,2024-04-18
66,4,61,2024-04-22
66,4,393,2024-05-08
66,1,305,2024-05-05
66,9,525,2024-04-19
66,5,17,2024-04-30
66,2,43,2024-04-19
66,4,203,2024-04-25
66,6,109,2024-05-07
66,8,284,2024-04-28
66,9,225,2024-04-16
66,6,340,2024-04-16
66,9,491,2024-05-04
66,5,142,2024-04-30
66,1,298,2024-05-07
66,1,373,2024-05-05
66,7,182,2024-04-27
66,3,443,2024-04-23
66,8,142,2024-05-03
66,7,98,2024-05-09
66,1,188,2024-05-02
66,5,199,2024-04-21
66,6,598,2024-04-23
66,5,399,2024-05-11
66,7,131,2024-05-10
66,10,3,2024-05-15
66,6,67,2024-04-16
66,1,531,2024-04-19
66,2,57,2024-04-26
66,8,371,2024-05-08
66,4,41,2024-05-01
66,7,13,2024-04-19
66,8,43,2024-05-02
66,8,476,2024-05-15
66,6,409,2024-04-24
66,3,77,2024-04-28
66,9,530,2024-04-20
66,2,465,2024-05-08
66,4,548,2024-05-07
66,2,52,2024-04-23
66,3,396,2024-05-13
66,5,144,2024-04-28
66,7,47,2024-04-18
66,8,217,2024-05-14
66,3,460,2024-06-13
66,7,183,2024-05-17
66,4,239,2024-05-31
66,5,561,2024-06-07
66,7,151,2024-05-30
66,1,396,2024-05-26
66,3,75,2024-05-17
66,5,370,2024-06-13
66,5,176,2024-05-19
66,7,106,2024-06-06
66,2,239,2024-05-19
66,7,185,2024-06-09
66,3,81,2024-05-24
66,8,87,2024-05-21
66,10,439,2024-06-11
66,9,143,2024-06-14
66,10,371,2024-05-28
66,3,36,2024-06-10
66,10,296,2024-05-25
66,9,46,2024-05-23
66,10,146,2024-05-19
66,4,573,2024-05-23
66,3,594,2024-05-22
66,1,576,2024-06-06
66,3,93,2024-05-18
66,5,574,2024-06-03
66,4,237,2024-05-28
66,2,537,2024-06-26
66,1,369,2024-07-01
66,10,593,2024-07-15
66,3,19,2024-06-29
66,5,505,2024-06-17
66,1,134,2024-07-04
66,7,86,2024-06-26
66,7,45,2024-06-28
66,5,350,2024-07-04
66,3,119,2024-06-30
66,3,507,2024-07-06
66,4,356,2024-07-14
66,7,65,2024-07-08
66,8,563,2024-07-18
66,4,495,2024-07-28
66,6,327,2024-07-16
66,4,44,2024-07-22
66,2,529,2024-07-16
66,10,348,2024-08-05
66,1,587,2024-07-22
66,9,361,2024-08-06
66,3,97,2024-08-03
66,10,546,2024-08-11
66,5,576,2024-08-01
66,3,124,2024-07-20
66,7,85,2024-07-29
66,10,477,2024-07-23
66,8,103,2024-07-28
66,3,459,2024-07-17
66,1,134,2024-08-13
66,9,435,2024-07-20
66,9,318,2024-08-14
66,2,52,2024-09-01
66,4,444,2024-09-14
66,6,566,2024-09-07
66,5,479,2024-09-04
66,4,593,2024-09-04
66,5,505,2024-09-03
66,3,414,2024-08-20
66,10,198,2024-08-18
66,1,298,2024-09-08
66,1,498,2024-09-03
66,6,292,2024-08-30
66,9,294,2024-08-27
66,2,29,2024-09-03
66,9,470,2024-09-08
66,1,278,2024-08-18
66,1,86,2024-08-20
66,6,337,2024-10-02
66,1,423,2024-10-07
66,5,68,2024-09-26
66,8,155,2024-09-23
66,5,447,2024-10-05
66,2,359,2024-10-06
66,3,313,2024-09-24
66,10,128,2024-09-23
66,1,332,2024-09-18
66,2,292,2024-09-17
66,8,404,2024-10-06
66,10,596,2024-09-23
66,2,530,2024-10-03
66,2,332,2024-09-25
66,8,398,2024-10-11
66,8,132,2024-09-22
66,8,502,2024-10-07
66,3,506,2024-09-17
66,5,448,2024-09-19
66,6,489,2024-09-19
67,7,93,2024-05-15
67,9,585,2024-05-27
67,1,145,2024-05-10
67,4,131,2024-05-30
67,1,432,2024-06-08
67,10,399,2024-06-09
67,8,174,2024-06-14
67,7,141,2024-06-28
67,9,50,2024-06-30
67,3,269,2024-06-13
67,5,596,2024-06-21
67,8,33,2024-06-11
67,4,449,2024-06-12
67,5,34,2024-06-08
67,4,140,2024-07-01
67,2,361,2024-06-17
67,8,152,2024-06-19
67,4,299,2024-06-18
67,8,211,2024-06-09
67,6,367,2024-06-02
67,3,484,2024-07-14
67,9,547,2024-07-03
67,2,402,2024-07-07
67,2,171,2024-07-08
67,7,46,2024-07-30
67,2,583,2024-07-11
67,8,261,2024-07-15
67,6,505,2024-07-23
67,10,22,2024-07-11
67,10,166,2024-07-10
67,10,375,2024-07-18
67,3,444,2024-08-08
67,7,174,2024-08-13
67,3,466,2024-08-16
67,1,282,2024-08-04
67,9,191,2024-08-05
67,6,173,2024-09-08
67,10,510,2024-09-23
67,1,165,2024-09-20
67,10,58,2024-09-14
67,7,136,2024-09-15
67,3,243,2024-09-24
67,10,219,2024-09-10
67,6,13,2024-09-08
67,10,225,2024-09-08
67,2,67,2024-09-10
67,5,503,2024-09-25
67,2,241,2024-09-08
67,6,530,2024-09-20
67,4,563,2024-09-03
67,3,238,2024-09-23
67,9,484,2024-09-23
67,1,284,2024-09-07
67,3,553,2024-09-05
68,6,532,2024-04-16
68,7,90,2024-05-03
68,10,591,2024-04-20
68,8,459,2024-04-23
68,5,104,2024-05-15
68,6,335,2024-04-30
68,5,301,2024-04-29
68,4,341,2024-04-27
68,4,259,2024-04-23
68,7,172,2024-04-30
68,7,91,2024-04-18
68,9,96,2024-05-07
68,8,248,2024-05-04
68,4,486,2024-05-03
68,7,2,2024-05-12
68,5,124,2024-04-19
68,9,111,2024-04-17
68,7,13,2024-04-22
68,7,177,2024-04-23
68,2,239,2024-04-30
68,5,176,2024-05-14
68,5,535,2024-04-21
68,5,296,2024-04-26
68,8,241,2024-04-25
68,2,561,2024-05-12
68,3,416,2024-04-19
68,7,39,2024-05-01
68,5,512,2024-05-02
68,10,535,2024-04-29
68,5,18,2024-05-12
68,8,29,2024-04-26
68,2,117,2024-04-19
68,1,236,2024-05-09
68,10,160,2024-05-13
68,3,125,2024-04-19
68,4,213,2024-04-18
68,9,570,2024-04-30
68,4,95,2024-04-23
68,7,180,2024-04-19
68,5,426,2024-04-20
68,1,42,2024-05-14
68,5,403,2024-05-04
68,4,416,2024-04-27
68,7,80,2024-04-20
68,1,430,2024-04-27
68,5,334,2024-04-20
68,6,30,2024-05-08
68,2,494,2024-06-02
68,4,321,2024-05-22
68,1,411,2024-06-12
68,6,479,2024-05-30
68,7,181,2024-05-31
68,8,582,2024-06-12
68,4,290,2024-06-12
68,6,355,2024-05-22
68,7,80,2024-05-17
68,8,399,2024-06-11
68,1,59,2024-05-25
68,3,115,2024-07-11
68,2,126,2024-07-11
68,5,500,2024-07-14
68,6,174,2024-06-19
68,7,129,2024-06-28
68,3,498,2024-07-10
68,10,16,2024-07-06
68,4,420,2024-06-23
68,3,303,2024-07-13
68,4,316,2024-07-05
68,6,366,2024-06-17
68,6,396,2024-06-22
68,4,28,2024-07-12
68,7,77,2024-06-26
68,8,91,2024-07-04
68,2,373,2024-07-03
68,10,298,2024-07-14
68,6,470,2024-06-19
68,3,128,2024-06-29
68,2,413,2024-07-02
68,2,306,2024-06-20
68,9,449,2024-06-19
68,10,467,2024-06-23
68,3,128,2024-06-23
68,2,485,2024-07-05
68,3,396,2024-08-11
68,5,368,2024-08-10
68,9,557,2024-07-21
68,2,593,2024-07-27
68,1,103,2024-07-29
68,2,183,2024-07-16
68,4,399,2024-08-13
68,4,437,2024-08-14
68,10,447,2024-08-01
68,7,171,2024-08-02
68,2,296,2024-07-24
68,7,136,2024-09-03
68,9,420,2024-09-03
68,8,305,2024-09-02
68,1,174,2024-08-19
68,7,140,2024-10-07
68,5,572,2024-09-28
68,8,107,2024-09-26
68,10,337,2024-10-07
68,2,84,2024-10-06
68,8,534,2024-10-12
68,2,102,2024-10-02
68,8,526,2024-09-25
68,6,293,2024-09-22
68,10,31,2024-09-26
68,3,205,2024-10-15
68,2,291,2024-09-30
68,4,373,2024-09-19
68,6,155,2024-09-20
68,7,35,2024-09-22
68,3,416,2024-09-23
68,6,27,2024-09-18
68,5,425,2024-10-09
68,6,105,2024-10-03
68,9,586,2024-10-14
68,10,134,2024-10-01
68,9,132,2024-09-20
68,2,83,2024-09-16
68,4,428,2024-09-17
68,2,497,2024-10-11
68,2,292,2024-09-21
68,7,103,2024-10-08
68,4,492,2024-09-20
69,7,94,2024-04-24
69,10,236,2024-04-30
69,5,477,2024-05-08
69,9,88,2024-04-22
69,1,253,2024-04-21
69,10,399,2024-04-24
69,7,161,2024-04-24
69,3,222,2024-04-24
69,4,511,2024-05-10
69,8,480,2024-04-22
69,4,20,2024-05-02
69,6,228,2024-05-11
69,5,368,2024-05-18
69,9,147,2024-06-05
69,8,430,2024-05-31
69,8,198,2024-05-20
69,5,369,2024-05-31
69,2,287,2024-06-12
69,4,518,2024-06-11
69,7,49,2024-05-23
69,1,303,2024-06-04
69,9,258,2024-06-30
69,7,27,2024-07-06
69,7,145,2024-06-26
69,10,121,2024-06-16
69,5,382,2024-06-23
69,1,418,2024-06-22
69,7,41,2024-07-07
69,4,84,2024-07-03
69,9,334,2024-06-23
69,5,526,2024-07-06
69,1,569,2024-07-12
69,10,347,2024-07-09
69,5,106,2024-06-26
69,10,544,2024-07-09
69,6,494,2024-07-05
69,3,290,2024-06-22
69,1,314,2024-07-06
69,9,45,2024-06-30
69,1,200,2024-06-24
69,9,240,2024-07-05
69,7,145,2024-06-22
69,6,360,2024-07-11
69,1,465,2024-07-15
69,3,365,2024-06-23
69,8,414,2024-06-22
69,5,527,2024-07-09
69,2,312,2024-07-13
69,2,74,2024-06-20
69,4,239,2024-06-28
69,1,341,2024-07-08
69,1,463,2024-06-29
69,9,293,2024-07-15
69,7,162,2024-07-08
69,7,117,2024-06-24
69,2,132,2024-06-17
69,8,219,2024-06-16
69,9,300,2024-06-28
69,3,187,2024-07-19
69,1,256,2024-08-03
69,8,178,2024-08-02
69,9,357,2024-08-05
69,1,166,2024-08-08
69,6,78,2024-07-30
69,7,110,2024-07-19
69,2,64,2024-07-27
69,6,425,2024-07-25
69,5,306,2024-08-01
69,3,304,2024-07-22
69,9,392,2024-08-09
69,7,106,2024-07-23
69,8,543,2024-07-27
69,9,194,2024-07-27
69,7,61,2024-08-10
69,10,13,2024-08-05
69,4,49,2024-07-18
69,1,584,2024-07-18
69,10,516,2024-08-13
69,4,322,2024-07-17
69,6,389,2024-07-24
69,4,149,2024-08-01
69,2,579,2024-07-20
69,5,436,2024-07-29
69,10,54,2024-07-22
69,10,580,2024-07-25
69,3,344,2024-07-24
69,1,527,2024-07-30
69,10,569,2024-07-22
69,1,389,2024-08-10
69,7,80,2024-08-12
69,9,72,2024-08-06
69,2,168,2024-08-12
69,4,175,2024-07-22
69,4,315,2024-07-26
69,2,134,2024-08-07
69,10,421,2024-07-27
69,7,33,2024-07-24
69,5,205,2024-08-12
69,3,40,2024-08-10
69,10,179,2024-07-22
69,7,164,2024-07-25
69,9,497,2024-08-05
69,3,474,2024-07-28
69,9,37,2024-08-07
69,1,319,2024-07-26
69,4,229,2024-08-09
69,8,487,2024-08-01
69,10,459,2024-07-30
69,9,131,2024-07-28
69,2,436,2024-08-04
69,3,352,2024-07-17
69,5,197,2024-07-28
69,8,319,2024-08-02
69,9,432,2024-07-16
69,8,149,2024-07-17
69,8,101,2024-08-10
69,10,414,2024-07-18
69,7,100,2024-07-26
69,10,550,2024-08-10
69,8,65,2024-08-02
69,8,191,2024-07-22
69,10,450,2024-07-23
69,6,159,2024-07-16
69,4,263,2024-08-09
69,6,17,2024-08-13
69,4,355,2024-07-24
69,6,239,2024-08-04
69,3,143,2024-08-13
69,4,232,2024-07-27
69,5,589,2024-07-30
69,1,248,2024-08-11
69,4,530,2024-08-13
69,3,251,2024-07-24
69,7,179,2024-07-20
69,3,595,2024-09-11
69,8,378,2024-09-07
69,7,138,2024-09-02
69,7,154,2024-08-26
69,10,387,2024-09-14
69,7,61,2024-08-19
69,8,269,2024-08-27
69,3,486,2024-09-06
69,3,555,2024-08-19
69,2,527,2024-09-01
69,2,551,2024-09-10
69,5,473,2024-09-03
69,2,388,2024-08-17
69,7,170,2024-09-06
69,8,325,2024-09-02
69,4,562,2024-09-04
69,6,404,2024-09-04
69,10,160,2024-08-25
69,2,256,2024-08-24
69,10,344,2024-09-08
69,5,435,2024-08-21
69,9,55,2024-08-29
69,8,272,2024-09-04
69,6,111,2024-08-30
69,5,588,2024-08-17
69,8,275,2024-08-29
69,5,376,2024-09-11
69,9,544,2024-08-24
69,5,194,2024-08-22
69,7,31,2024-08-27
69,8,568,2024-08-31
69,5,461,2024-08-26
69,4,292,2024-08-30
69,3,184,2024-09-03
69,5,262,2024-09-06
69,8,424,2024-09-01
69,5,514,2024-09-10
69,5,362,2024-09-12
69,9,200,2024-08-16
69,8,582,2024-09-08
69,6,395,2024-08-18
69,8,133,2024-09-12
69,10,528,2024-09-05
69,7,137,2024-08-22
69,3,427,2024-09-11
69,5,89,2024-08-26
69,10,33,2024-09-11
69,8,398,2024-08-28
69,8,325,2024-08-17
69,7,87,2024-09-03
69,1,180,2024-09-02
69,4,395,2024-08-29
69,3,583,2024-09-13
69,6,279,2024-09-08
69,3,243,2024-08-25
69,8,48,2024-08-31
69,7,26,2024-08-20
69,4,264,2024-09-01
69,6,254,2024-08-29
69,2,147,2024-08-21
69,2,118,2024-08-20
69,6,198,2024-09-06
69,2,592,2024-09-04
69,1,414,2024-09-12
69,1,1,2024-08-22
69,1,112,2024-08-31
69,6,594,2024-09-06
69,6,507,2024-08-18
69,8,548,2024-09-13
69,7,4,2024-09-01
69,6,281,2024-08-29
69,9,524,2024-09-11
69,8,319,2024-09-07
69,2,14,2024-09-08
69,3,342,2024-09-10
69,7,92,2024-08-21
69,2,441,2024-09-29
69,7,119,2024-10-05
69,5,540,2024-09-26
69,2,100,2024-09-28
69,4,292,2024-10-08
69,7,7,2024-10-08
69,2,506,2024-10-03
69,5,464,2024-09-18
69,6,309,2024-10-05
69,10,553,2024-09-26
69,8,107,2024-10-02
69,9,576,2024-09-24
69,6,291,2024-09-20
69,7,145,2024-10-13
69,1,53,2024-09-24
69,7,113,2024-10-14
69,5,287,2024-09-23
69,8,98,2024-10-08
69,10,101,2024-10-01
69,9,289,2024-09-28
69,4,391,2024-09-16
69,2,368,2024-09-29
69,5,512,2024-10-10
69,1,332,2024-10-05
69,3,277,2024-10-06
69,10,194,2024-10-06
69,9,21,2024-09-30
69,10,466,2024-10-08
69,6,504,2024-10-11
69,5,66,2024-09-22
69,7,167,2024-10-11
69,7,157,2024-10-10
69,8,194,2024-09-17
69,7,175,2024-09-26
69,10,483,2024-10-02
69,9,32,2024-10-15
69,3,17,2024-10-07
69,4,81,2024-10-01
69,4,8,2024-10-12
69,7,31,2024-09-27
69,1,186,2024-09-27
69,9,422,2024-10-01
69,2,83,2024-10-08
69,3,483,2024-09-20
69,3,51,2024-10-12
69,5,545,2024-10-15
69,1,171,2024-10-15
69,9,117,2024-09-19
69,2,60,2024-09-24
69,6,229,2024-09-19
69,7,69,2024-10-09
69,8,221,2024-10-03
69,5,504,2024-10-04
69,7,163,2024-10-07
69,2,262,2024-09-21
69,8,257,2024-09-23
69,9,417,2024-10-06
69,6,308,2024-09-29
69,2,53,2024-10-15
69,4,461,2024-09-22
69,6,137,2024-09-29
69,4,256,2024-09-26
69,5,147,2024-09-23
69,7,59,2024-10-12
69,7,120,2024-10-08
69,3,323,2024-10-03
69,1,485,2024-10-13
69,4,335,2024-10-14
69,2,238,2024-09-29
69,3,109,2024-10-03
69,10,567,2024-10-12
69,7,91,2024-10-04
69,1,169,2024-09-26
69,5,578,2024-09-30
69,8,170,2024-09-25
69,4,138,2024-10-13
69,7,142,2024-09-28
69,5,317,2024-10-04
69,10,136,2024-10-03
69,1,267,2024-10-05
69,10,47,2024-10-14
69,9,368,2024-09-21
69,1,272,2024-10-09
69,2,420,2024-10-04
69,6,498,2024-10-06
69,9,131,2024-09-17
69,2,438,2024-10-03
69,3,463,2024-10-15
69,1,466,2024-10-03
69,2,525,2024-09-29
69,4,133,2024-09-29
69,9,44,2024-10-10
69,7,140,2024-09-23
69,5,412,2024-09-18
69,6,321,2024-09-18
69,2,199,2024-09-24
69,4,216,2024-09-25
69,2,567,2024-10-01
69,3,32,2024-10-09
70,2,452,2024-02-07
70,1,282,2024-01-29
70,7,2,2024-02-06
70,8,119,2024-02-07
70,4,505,2024-02-03
70,5,219,2024-01-23
70,7,26,2024-01-24
70,6,58,2024-02-04
70,6,426,2024-02-03
70,2,411,2024-02-07
70,6,432,2024-01-21
70,9,365,2024-02-22
70,4,405,2024-03-01
70,2,391,2024-03-08
70,1,229,2024-03-15
70,1,225,2024-03-06
70,9,512,2024-03-02
70,8,523,2024-03-02
70,6,538,2024-03-11
70,5,242,2024-03-21
70,7,117,2024-04-14
70,1,243,2024-03-22
70,10,301,2024-04-16
70,4,588,2024-04-04
70,10,26,2024-04-02
70,4,128,2024-04-16
70,9,334,2024-03-22
70,4,571,2024-03-24
70,8,421,2024-04-15
70,8,141,2024-04-07
70,1,51,2024-04-14
70,7,161,2024-04-08
70,1,366,2024-03-30
70,4,258,2024-04-22
70,7,160,2024-05-15
70,6,475,2024-05-11
70,1,235,2024-05-07
70,8,445,2024-04-19
70,10,275,2024-05-02
70,3,183,2024-05-17
70,8,63,2024-04-27
70,7,104,2024-04-29
70,6,34,2024-04-19
70,3,477,2024-05-11
70,2,462,2024-05-05
70,2,415,2024-05-07
70,6,233,2024-04-26
70,10,169,2024-05-15
70,8,231,2024-05-10
70,8,550,2024-04-20
70,9,275,2024-04-27
70,6,142,2024-06-07
70,8,65,2024-05-31
70,6,430,2024-05-19
70,2,361,2024-06-09
70,8,551,2024-05-27
70,9,459,2024-05-22
70,7,132,2024-06-30
70,10,347,2024-07-15
70,1,596,2024-07-17
70,10,543,2024-06-21
70,9,564,2024-07-04
70,8,511,2024-07-09
70,3,528,2024-07-06
70,8,78,2024-07-12
70,5,232,2024-07-04
70,5,193,2024-07-16
70,2,382,2024-07-10
70,3,261,2024-06-21
70,10,94,2024-06-26
70,4,461,2024-07-15
70,9,494,2024-06-19
70,5,117,2024-06-25
70,7,70,2024-07-03
70,8,354,2024-07-02
70,7,10,2024-07-03
70,7,4,2024-06-30
70,10,596,2024-07-16
70,6,35,2024-07-03
70,10,577,2024-07-07
70,9,193,2024-07-01
70,8,530,2024-07-10
70,3,114,2024-07-08
70,10,233,2024-06-24
70,4,322,2024-07-14
70,9,511,2024-06-22
70,9,283,2024-06-29
70,5,392,2024-06-29
71,7,24,2024-02-06
71,10,340,2024-02-07
71,10,472,2024-02-20
71,5,143,2024-02-02
71,5,575,2024-02-27
71,1,311,2024-03-07
71,9,29,2024-03-18
71,9,394,2024-03-04
71,10,481,2024-03-24
71,9,438,2024-03-23
71,4,87,2024-03-06
71,7,72,2024-03-16
71,1,118,2024-03-17
71,10,247,2024-04-12
71,10,417,2024-04-16
71,2,365,2024-04-22
71,8,547,2024-04-18
71,3,430,2024-04-08
71,6,219,2024-04-15
71,10,232,2024-04-03
71,3,429,2024-04-12
71,1,213,2024-04-25
71,2,450,2024-04-22
71,10,279,2024-04-19
71,1,543,2024-04-11
71,10,274,2024-04-08
71,3,438,2024-05-06
71,8,427,2024-05-14
71,2,22,2024-05-26
71,5,135,2024-05-18
71,2,32,2024-05-24
71,3,425,2024-05-08
71,8,357,2024-05-21
71,7,145,2024-05-26
71,5,455,2024-05-25
71,2,248,2024-05-16
71,10,123,2024-05-25
71,3,496,2024-05-17
71,6,460,2024-05-01
71,7,128,2024-05-22
71,3,83,2024-05-21
71,5,103,2024-05-17
71,2,535,2024-06-03
71,10,276,2024-06-24
71,5,444,2024-06-05
71,5,195,2024-05-30
71,6,582,2024-06-04
71,8,548,2024-06-09
71,1,22,2024-07-20
71,3,501,2024-07-15
71,7,74,2024-07-28
71,3,384,2024-07-09
71,4,568,2024-07-11
71,4,303,2024-07-10
71,9,266,2024-07-20
71,7,24,2024-06-30
71,5,445,2024-07-05
71,8,383,2024-07-04
71,5,392,2024-07-23
71,9,540,2024-07-26
71,6,159,2024-07-18
72,2,90,2024-04-30
72,9,139,2024-05-17
72,8,386,2024-05-21
72,9,490,2024-04-29
72,7,7,2024-05-18
72,10,586,2024-04-28
72,5,467,2024-05-15
72,8,547,2024-05-09
72,5,378,2024-05-11
72,2,27,2024-05-22
72,9,270,2024-05-14
72,5,599,2024-06-04
72,8,450,2024-06-13
72,8,89,2024-05-29
72,6,507,2024-06-17
72,5,350,2024-06-02
72,4,328,2024-06-05
72,3,533,2024-06-08
72,8,487,2024-06-10
72,4,146,2024-06-22
72,7,92,2024-06-21
72,3,527,2024-06-09
72,6,95,2024-05-25
72,6,87,2024-06-02
72,4,570,2024-05-30
72,3,365,2024-06-06
72,4,265,2024-06-07
72,1,415,2024-06-20
72,7,147,2024-05-26
72,2,213,2024-06-22
72,3,347,2024-06-05
72,7,33,2024-06-02
72,2,468,2024-05-30
72,9,503,2024-06-01
72,7,178,2024-06-18
72,1,110,2024-06-11
72,3,64,2024-06-13
72,5,262,2024-06-10
72,8,234,2024-06-02
72,5,484,2024-05-30
72,6,137,2024-06-04
72,4,555,2024-05-31
72,10,206,2024-06-19
72,6,36,2024-05-30
72,3,262,2024-05-27
72,1,448,2024-06-19
72,5,186,2024-06-11
72,7,96,2024-06-22
72,7,128,2024-05-28
72,6,465,2024-06-11
72,6,162,2024-06-05
72,4,240,2024-06-13
72,10,586,2024-05-31
72,7,140,2024-06-04
72,1,235,2024-06-14
72,3,256,2024-06-12
72,6,516,2024-06-01
72,4,216,2024-06-07
72,4,19,2024-05-29
72,5,17,2024-06-08
72,8,488,2024-06-23
72,10,528,2024-06-02
72,10,515,2024-06-16
72,6,377,2024-06-21
72,4,452,2024-05-30
72,8,75,2024-06-01
72,8,62,2024-06-07
72,7,18,2024-06-05
72,2,189,2024-06-05
72,10,104,2024-06-20
72,6,344,2024-06-12
72,1,374,2024-06-09
72,2,12,2024-06-18
72,5,456,2024-05-30
72,3,249,2024-06-19
72,4,570,2024-05-28
72,2,371,2024-05-28
72,7,19,2024-06-01
72,8,400,2024-06-19
72,4,146,2024-07-10
72,1,98,2024-06-28
72,3,243,2024-07-03
72,10,473,2024-07-13
72,5,270,2024-07-04
72,6,578,2024-07-12
72,5,448,2024-07-02
72,5,49,2024-07-10
72,10,293,2024-07-11
72,4,150,2024-06-30
72,1,260,2024-06-26
72,1,547,2024-07-01
72,10,235,2024-07-04
72,8,325,2024-07-17
72,2,32,2024-07-10
72,4,368,2024-07-06
72,5,368,2024-07-10
72,6,172,2024-06-26
72,7,46,2024-07-05
72,9,566,2024-07-01
72,1,521,2024-06-30
72,4,524,2024-06-25
72,2,339,2024-06-25
72,2,114,2024-07-17
72,10,237,2024-07-16
72,9,549,2024-07-03
72,10,384,2024-07-19
72,2,316,2024-07-19
72,3,299,2024-07-13
72,9,463,2024-07-24
72,8,55,2024-07-19
72,8,286,2024-06-28
72,2,256,2024-07-12
72,4,254,2024-07-22
72,2,21,2024-06-30
72,1,460,2024-07-18
72,2,382,2024-06-29
72,8,1,2024-07-11
72,10,315,2024-08-12
72,8,520,2024-08-23
72,1,490,2024-07-31
72,2,12,2024-07-26
72,4,57,2024-09-07
72,10,233,2024-09-16
72,10,56,2024-09-03
72,3,147,2024-09-05
72,7,187,2024-09-05
72,9,253,2024-09-20
72,4,353,2024-10-10
72,1,323,2024-10-06
72,7,189,2024-10-03
72,4,514,2024-10-16
72,6,553,2024-10-14
72,8,237,2024-10-08
73,1,11,2024-01-13
73,9,327,2024-01-10
73,3,276,2024-01-26
73,10,345,2024-01-13
73,7,89,2024-01-13
73,6,4,2024-01-22
73,8,369,2024-01-25
73,5,137,2024-01-10
73,3,216,2024-01-24
73,5,179,2024-01-30
73,6,78,2024-01-13
73,5,82,2024-01-30
73,2,578,2024-01-25
73,1,521,2024-01-21
73,4,357,2024-02-03
73,7,63,2024-01-26
73,10,124,2024-01-12
73,10,237,2024-01-21
73,4,23,2024-02-11
73,9,557,2024-02-13
73,5,403,2024-02-19
73,9,483,2024-02-26
73,9,188,2024-02-20
73,9,92,2024-02-21
73,4,244,2024-02-21
73,10,88,2024-02-18
73,3,294,2024-03-08
73,7,143,2024-03-01
73,3,110,2024-03-09
73,9,564,2024-02-10
73,9,35,2024-02-14
73,5,370,2024-02-25
73,9,275,2024-03-02
73,8,537,2024-03-11
73,6,69,2024-03-15
73,1,320,2024-04-29
73,4,570,2024-05-06
73,1,362,2024-04-19
73,7,4,2024-04-09
73,10,27,2024-04-18
73,5,583,2024-05-03
73,8,482,2024-04-17
73,4,268,2024-05-04
73,5,364,2024-05-05
73,5,164,2024-04-21
73,6,577,2024-04-26
73,4,200,2024-05-03
73,4,358,2024-04-12
73,4,252,2024-04-19
73,9,430,2024-04-12
73,6,254,2024-04-21
73,9,579,2024-05-01
73,7,65,2024-04-19
73,2,62,2024-04-22
73,7,159,2024-04-11
73,6,126,2024-04-21
73,6,197,2024-05-04
73,8,54,2024-04-15
73,3,359,2024-05-01
73,5,451,2024-05-30
73,6,554,2024-06-05
73,7,77,2024-05-15
73,10,452,2024-06-04
73,6,368,2024-05-28
73,6,589,2024-05-15
73,2,165,2024-05-30
73,8,200,2024-05-23
73,3,489,2024-05-14
73,7,153,2024-05-22
73,7,10,2024-05-17
73,1,77,2024-05-25
73,3,65,2024-05-09
73,5,18,2024-05-12
73,6,575,2024-05-09
73,4,441,2024-05-17
73,10,372,2024-06-18
74,7,112,2024-01-28
74,4,90,2024-02-18
74,5,72,2024-02-19
74,9,420,2024-03-10
74,10,503,2024-04-01
74,2,46,2024-03-07
74,9,109,2024-03-31
74,3,311,2024-04-24
74,9,102,2024-05-20
74,3,22,2024-05-26
74,5,343,2024-05-18
74,6,143,2024-05-20
74,8,141,2024-06-03
74,4,82,2024-06-18
74,1,171,2024-06-08
74,1,580,2024-06-16
74,4,438,2024-06-04
74,5,84,2024-06-30
74,8,53,2024-06-05
74,10,220,2024-06-17
74,4,129,2024-06-24
75,3,421,2024-01-16
75,1,30,2024-02-04
75,5,502,2024-01-16
75,9,434,2024-01-26
75,5,249,2024-02-03
75,6,365,2024-01-18
75,9,415,2024-01-16
75,1,388,2024-01-29
75,4,449,2024-02-03
75,3,306,2024-01-27
75,10,468,2024-02-07
75,7,57,2024-01-22
75,1,412,2024-02-01
75,2,508,2024-02-07
75,4,352,2024-01-23
75,2,270,2024-01-18
75,1,83,2024-01-20
75,9,539,2024-01-31
75,5,306,2024-02-06
75,4,549,2024-02-09
75,4,293,2024-02-02
75,9,312,2024-01-30
75,1,372,2024-03-08
75,10,96,2024-03-06
75,4,585,2024-03-09
75,3,46,2024-03-07
75,4,71,2024-03-02
75,1,367,2024-02-26
75,6,410,2024-03-12
75,7,160,2024-03-14
75,9,272,2024-03-08
75,9,378,2024-02-28
75,3,558,2024-04-02
75,5,444,2024-03-24
75,7,80,2024-03-22
75,1,459,2024-04-03
75,6,340,2024-04-28
75,4,71,2024-04-25
75,4,100,2024-04-21
75,1,143,2024-05-04
75,6,217,2024-04-19
75,2,54,2024-04-30
75,1,151,2024-05-07
75,5,448,2024-04-17
75,7,54,2024-04-17
75,6,514,2024-05-02
75,6,517,2024-04-28
75,1,139,2024-04-15
75,10,44,2024-05-10
75,1,219,2024-05-08
75,1,470,2024-05-26
75,7,36,2024-06-04
75,4,26,2024-05-29
75,6,346,2024-06-28
75,10,135,2024-07-07
75,8,374,2024-06-26
75,8,339,2024-06-23
75,3,132,2024-06-27
75,10,110,2024-06-20
75,8,179,2024-07-13
75,10,197,2024-06-19
76,6,566,2024-03-20
76,8,126,2024-03-02
76,5,270,2024-03-18
76,1,118,2024-03-02
76,4,485,2024-03-23
76,5,463,2024-04-04
76,7,94,2024-04-10
76,7,152,2024-04-04
76,4,58,2024-04-05
76,5,491,2024-04-19
76,8,105,2024-05-02
76,1,572,2024-05-06
76,3,529,2024-05-13
76,6,124,2024-05-08
76,9,102,2024-05-17
76,5,227,2024-05-23
76,9,64,2024-05-29
76,6,149,2024-05-07
76,9,464,2024-05-05
76,5,132,2024-05-05
76,7,35,2024-05-04
76,9,399,2024-05-28
76,2,517,2024-05-07
76,6,416,2024-05-08
76,9,331,2024-05-01
76,8,339,2024-05-12
76,6,298,2024-05-24
76,5,312,2024-05-07
76,9,534,2024-06-27
76,9,175,2024-06-06
76,7,143,2024-06-23
76,2,445,2024-06-28
76,8,390,2024-06-20
76,7,122,2024-06-29
76,4,153,2024-06-29
76,6,308,2024-06-16
76,1,296,2024-06-11
76,9,581,2024-06-21
76,10,208,2024-06-24
76,8,96,2024-06-04
76,6,373,2024-06-08
76,9,333,2024-06-09
76,6,106,2024-06-05
76,3,157,2024-07-08
76,1,396,2024-07-16
76,5,306,2024-07-18
76,8,462,2024-07-28
76,3,209,2024-07-27
76,7,27,2024-07-12
76,3,503,2024-07-28
76,2,148,2024-08-21
76,8,83,2024-08-10
76,5,284,2024-08-28
76,9,474,2024-08-27
76,5,271,2024-08-14
76,9,436,2024-08-26
76,5,437,2024-08-04
76,4,60,2024-08-22
76,7,175,2024-08-22
76,1,434,2024-08-07
76,3,28,2024-08-10
76,2,383,2024-08-11
76,5,319,2024-08-06
76,3,193,2024-08-03
76,3,182,2024-08-04
76,7,93,2024-08-15
76,2,472,2024-08-11
76,6,179,2024-08-26
76,2,463,2024-08-03
76,1,546,2024-08-30
76,3,393,2024-08-08
76,9,71,2024-08-21
76,7,53,2024-08-12
76,1,427,2024-08-04
76,3,418,2024-08-24
76,1,216,2024-08-09
76,6,311,2024-08-15
76,5,271,2024-08-25
76,7,66,2024-08-14
76,4,137,2024-08-02
76,2,489,2024-08-08
76,2,556,2024-08-29
76,4,514,2024-08-24
76,8,61,2024-08-04
76,4,543,2024-08-26
76,9,51,2024-08-02
76,8,524,2024-08-03
76,2,205,2024-08-27
76,8,431,2024-08-24
76,5,41,2024-08-11
77,3,525,2024-03-21
77,1,230,2024-03-31
77,2,397,2024-03-23
77,3,563,2024-04-02
77,9,412,2024-05-07
77,8,183,2024-05-06
77,8,349,2024-04-14
77,2,41,2024-04-25
77,10,332,2024-05-31
77,9,206,2024-05-15
77,9,505,2024-06-05
77,10,304,2024-05-29
77,8,87,2024-05-17
77,10,450,2024-05-28
77,2,541,2024-05-21
77,2,78,2024-05-14
77,7,98,2024-05-31
77,7,41,2024-05-17
77,3,337,2024-06-05
77,7,22,2024-05-28
77,1,272,2024-05-20
77,4,278,2024-06-21
77,5,377,2024-06-18
77,9,592,2024-06-20
77,7,35,2024-07-05
77,2,329,2024-06-23
77,6,388,2024-07-08
77,2,317,2024-07-06
77,3,581,2024-07-05
77,7,139,2024-06-22
77,3,77,2024-06-14
77,6,243,2024-07-23
77,5,469,2024-08-07
77,5,507,2024-08-21
77,2,339,2024-08-26
78,8,12,2024-04-02
78,3,431,2024-04-03
78,3,369,2024-03-30
78,9,141,2024-04-02
78,3,456,2024-04-08
78,3,288,2024-03-20
78,7,149,2024-04-04
78,8,49,2024-04-06
78,4,445,2024-04-12
78,5,448,2024-03-31
78,7,74,2024-04-13
78,2,355,2024-04-07
78,8,298,2024-03-25
78,2,585,2024-04-08
78,9,94,2024-03-21
78,3,53,2024-04-02
78,5,212,2024-04-15
78,5,233,2024-04-24
78,7,8,2024-04-29
78,4,16,2024-05-13
78,6,549,2024-04-18
78,9,18,2024-04-23
78,8,435,2024-04-22
78,7,68,2024-05-17
78,5,164,2024-05-17
78,7,176,2024-05-15
78,10,263,2024-04-27
78,10,172,2024-04-23
78,5,232,2024-05-15
78,7,160,2024-05-03
78,5,573,2024-05-13
78,10,359,2024-05-13
78,3,280,2024-05-08
78,2,162,2024-05-07
78,6,378,2024-07-12
78,10,537,2024-06-26
78,9,515,2024-06-29
78,9,83,2024-06-27
78,3,133,2024-07-09
78,9,353,2024-07-02
78,8,94,2024-07-17
78,4,295,2024-06-23
78,6,551,2024-07-07
78,2,557,2024-08-26
78,6,339,2024-09-04
78,5,238,2024-09-07
78,1,579,2024-08-24
78,9,579,2024-09-12
78,9,87,2024-09-14
78,7,157,2024-08-25
78,10,571,2024-09-06
78,5,129,2024-09-05
78,2,172,2024-09-09
78,5,163,2024-09-13
78,8,497,2024-08-18
78,6,497,2024-08-21
78,6,129,2024-09-15
78,9,543,2024-08-21
78,9,361,2024-09-15
78,6,215,2024-09-15
78,1,469,2024-08-20
78,10,474,2024-09-15
78,6,111,2024-09-15
78,9,535,2024-09-01
78,4,509,2024-08-28
78,6,66,2024-09-16
78,3,287,2024-09-02
78,7,43,2024-08-29
78,4,412,2024-09-12
78,7,89,2024-09-16
78,5,158,2024-08-18
78,5,270,2024-08-28
78,2,440,2024-09-15
78,2,335,2024-08-31
78,9,115,2024-08-25
78,6,399,2024-09-06
78,5,195,2024-09-03
78,3,345,2024-09-04
78,1,167,2024-09-15
78,7,130,2024-09-16
78,1,373,2024-08-27
78,4,201,2024-09-07
78,10,588,2024-08-29
78,2,196,2024-09-15
78,9,360,2024-09-05
78,8,480,2024-08-30
78,2,83,2024-08-31
78,5,474,2024-08-27
78,8,577,2024-09-14
78,5,177,2024-08-28
78,6,548,2024-09-12
78,5,73,2024-09-13
78,2,246,2024-08-20
78,2,44,2024-09-16
78,1,548,2024-08-25
78,3,30,2024-09-12
78,5,357,2024-08-28
78,9,248,2024-09-10
78,1,382,2024-09-10
78,10,419,2024-09-13
79,9,42,2024-06-11
79,7,121,2024-06-14
79,7,76,2024-05-29
79,5,341,2024-06-11
79,1,182,2024-05-26
79,8,264,2024-06-08
79,6,444,2024-06-17
79,10,218,2024-06-05
79,6,87,2024-05-31
79,5,92,2024-06-06
79,10,85,2024-06-17
79,8,156,2024-05-26
79,5,161,2024-05-23
79,5,503,2024-06-09
79,1,284,2024-06-08
79,9,408,2024-06-25
79,8,297,2024-06-24
79,6,488,2024-07-17
79,7,25,2024-07-19
79,10,52,2024-08-19
79,9,304,2024-08-14
79,3,118,2024-08-17
79,9,424,2024-08-13
79,7,127,2024-07-26
79,7,77,2024-08-08
79,6,275,2024-07-28
79,5,292,2024-08-05
79,8,424,2024-08-06
79,1,16,2024-08-20
79,2,300,2024-09-01
79,6,307,2024-09-18
79,2,261,2024-09-05
79,8,332,2024-09-09
79,9,406,2024-09-07
79,2,259,2024-09-06
79,8,486,2024-08-25
79,2,266,2024-09-01
79,7,90,2024-09-15
79,5,154,2024-08-25
79,10,486,2024-09-18
79,2,66,2024-09-06
79,9,407,2024-09-13
79,3,471,2024-09-25
79,2,446,2024-09-24
79,7,72,2024-10-02
79,9,246,2024-10-17
79,9,69,2024-09-22
79,9,537,2024-10-16
79,3,15,2024-10-01
79,10,74,2024-10-15
79,3,285,2024-09-27
79,5,280,2024-10-10
79,1,556,2024-09-30
79,3,142,2024-11-14
79,6,32,2024-11-16
79,1,56,2024-10-26
80,2,22,2024-02-23
80,4,236,2024-03-08
80,1,388,2024-03-06
80,7,79,2024-03-22
80,8,403,2024-02-22
80,7,132,2024-03-19
80,10,312,2024-03-13
80,9,43,2024-03-02
80,2,561,2024-03-08
80,9,209,2024-02-24
80,2,175,2024-03-07
80,4,225,2024-02-22
80,4,381,2024-03-05
80,4,456,2024-03-05
80,8,40,2024-03-06
80,9,225,2024-03-01
80,10,280,2024-02-22
80,7,109,2024-03-07
80,9,198,2024-03-12
80,5,271,2024-02-28
80,10,131,2024-03-10
80,1,397,2024-03-14
80,2,296,2024-03-03
80,10,260,2024-03-17
80,4,420,2024-03-21
80,8,348,2024-03-05
80,8,341,2024-02-24
80,2,47,2024-03-17
80,9,517,2024-03-22
80,8,87,2024-02-24
80,5,223,2024-03-21
80,9,451,2024-03-15
80,8,341,2024-03-05
80,8,537,2024-02-28
80,5,381,2024-03-01
80,5,4,2024-03-01
80,6,78,2024-03-11
80,3,33,2024-03-14
80,1,139,2024-03-08
80,4,127,2024-03-21
80,7,44,2024-02-27
80,8,244,2024-03-01
80,10,79,2024-03-13
80,6,485,2024-03-07
80,6,513,2024-03-12
80,9,130,2024-02-27
80,2,7,2024-03-12
80,1,310,2024-03-01
80,3,473,2024-02-27
80,2,319,2024-02-22
80,9,430,2024-03-07
80,5,149,2024-03-13
80,7,107,2024-03-02
80,1,185,2024-02-22
80,5,112,2024-02-28
80,8,178,2024-03-22
80,1,148,2024-03-04
80,4,129,2024-03-22
80,1,502,2024-03-13
80,5,105,2024-03-10
80,1,281,2024-03-15
80,8,358,2024-02-24
80,1,203,2024-02-25
80,9,257,2024-03-22
80,4,362,2024-03-14
80,1,187,2024-02-25
80,3,542,2024-02-22
80,3,436,2024-03-13
80,6,134,2024-03-13
80,1,219,2024-02-26
80,2,129,2024-03-08
80,9,162,2024-03-18
80,4,227,2024-03-15
80,1,47,2024-03-02
80,4,231,2024-03-19
80,10,165,2024-03-12
80,4,587,2024-03-20
80,2,80,2024-03-04
80,4,130,2024-03-17
80,10,237,2024-03-15
80,3,399,2024-03-15
80,1,252,2024-03-09
80,4,100,2024-03-12
80,9,422,2024-02-24
80,6,18,2024-03-15
80,3,7,2024-02-24
80,2,511,2024-03-12
80,3,469,2024-03-21
80,6,493,2024-03-19
80,8,485,2024-03-21
80,4,167,2024-03-04
80,5,576,2024-02-25
80,5,272,2024-03-19
80,4,584,2024-03-08
80,8,593,2024-03-06
80,3,52,2024-02-23
80,5,491,2024-03-16
80,2,359,2024-02-27
80,8,526,2024-03-10
80,5,461,2024-02-22
80,3,362,2024-03-16
80,5,468,2024-02-27
80,5,259,2024-03-21
80,5,273,2024-03-09
80,7,4,2024-03-09
80,6,268,2024-03-07
80,1,104,2024-03-04
80,9,597,2024-02-24
80,5,458,2024-03-15
80,7,152,2024-03-12
80,5,117,2024-03-02
80,2,444,2024-03-15
80,7,105,2024-03-21
80,9,581,2024-02-28
80,10,231,2024-03-03
80,10,395,2024-03-16
80,8,396,2024-03-17
80,4,401,2024-03-09
80,5,229,2024-03-05
80,3,539,2024-03-15
80,1,267,2024-02-22
80,2,561,2024-03-01
80,4,327,2024-02-26
80,7,109,2024-03-05
80,7,32,2024-03-09
80,1,531,2024-03-02
80,2,206,2024-03-15
80,3,89,2024-03-20
80,1,573,2024-03-03
80,6,463,2024-03-21
80,3,29,2024-04-20
80,5,150,2024-04-03
80,2,366,2024-04-19
80,4,273,2024-04-10
80,2,518,2024-04-12
80,8,160,2024-04-14
80,1,205,2024-03-24
80,6,305,2024-03-29
80,6,400,2024-03-22
80,10,82,2024-04-12
80,10,421,2024-04-07
80,10,436,2024-04-13
80,2,231,2024-03-28
80,7,173,2024-04-09
80,6,284,2024-03-27
80,4,433,2024-04-15
80,2,216,2024-03-22
80,7,109,2024-04-16
80,3,397,2024-03-31
80,9,501,2024-04-01
80,3,268,2024-03-24
80,7,110,2024-03-28
80,7,14,2024-04-02
80,1,155,2024-03-26
80,1,311,2024-04-03
80,8,465,2024-03-24
80,10,403,2024-03-28
80,4,28,2024-03-24
80,6,442,2024-04-12
80,10,527,2024-03-27
80,3,543,2024-04-19
80,10,453,2024-04-15
80,4,66,2024-04-11
80,3,575,2024-04-09
80,4,476,2024-04-10
80,5,423,2024-03-25
80,7,57,2024-03-24
80,5,468,2024-04-05
80,9,242,2024-04-06
80,10,279,2024-04-01
80,1,408,2024-04-05
80,9,135,2024-04-15
80,10,294,2024-04-05
80,7,163,2024-04-04
80,9,259,2024-03-27
80,4,225,2024-03-30
80,4,538,2024-04-06
80,5,571,2024-04-19
80,1,70,2024-04-16
80,1,531,2024-04-13
80,2,245,2024-04-15
80,10,424,2024-04-02
80,8,395,2024-03-23
80,1,361,2024-04-17
80,7,124,2024-04-12
80,10,157,2024-04-15
80,10,462,2024-03-22
80,5,557,2024-03-27
80,6,380,2024-04-07
80,7,168,2024-04-18
80,5,386,2024-04-08
80,5,343,2024-03-28
80,4,251,2024-04-06
80,3,329,2024-04-02
80,7,2,2024-04-07
80,2,125,2024-04-02
80,3,21,2024-04-04
80,3,362,2024-03-30
80,10,116,2024-04-13
80,4,51,2024-03-31
80,1,254,2024-04-02
80,9,573,2024-04-17
80,1,225,2024-04-20
80,5,103,2024-04-13
80,10,48,2024-03-22
80,6,233,2024-03-27
80,4,522,2024-04-15
80,3,445,2024-04-16
80,4,324,2024-04-10
80,6,157,2024-04-06
80,7,158,2024-04-15
80,3,536,2024-04-07
80,5,362,2024-03-26
80,8,472,2024-04-02
80,2,306,2024-04-07
80,2,474,2024-04-12
80,1,328,2024-04-04
80,6,129,2024-03-26
80,7,137,2024-04-04
80,9,164,2024-04-19
80,4,463,2024-03-25
80,3,504,2024-04-11
80,7,122,2024-04-12
80,9,275,2024-03-27
80,3,50,2024-04-06
80,3,226,2024-03-23
80,10,155,2024-04-13
80,10,480,2024-04-05
80,3,274,2024-04-17
80,7,19,2024-04-15
80,7,57,2024-03-23
80,6,462,2024-04-08
80,4,452,2024-04-14
80,7,85,2024-04-15
80,1,389,2024-04-14
80,3,286,2024-04-18
80,5,109,2024-03-28
80,10,291,2024-04-13
80,2,508,2024-04-11
80,6,29,2024-03-31
80,3,13,2024-03-31
80,5,445,2024-04-05
80,5,387,2024-03-29
80,6,467,2024-04-07
80,10,225,2024-04-03
80,10,458,2024-04-11
80,7,128,2024-04-10
80,10,527,2024-04-12
80,9,577,2024-04-17
80,10,21,2024-03-30
80,8,487,2024-04-06
80,10,553,2024-04-02
80,8,13,2024-04-01
80,10,554,2024-03-30
80,9,121,2024-03-24
80,7,16,2024-04-02
80,1,473,2024-04-20
80,9,227,2024-03-26
80,8,538,2024-04-16
80,9,540,2024-03-28
80,6,128,2024-04-20
80,5,272,2024-03-25
80,5,157,2024-04-10
80,3,420,2024-04-15
80,1,425,2024-04-06
80,7,98,2024-04-01
80,10,293,2024-04-03
80,4,529,2024-04-18
80,9,431,2024-04-12
80,6,276,2024-04-03
80,2,344,2024-04-05
80,5,431,2024-05-12
80,8,353,2024-05-08
80,9,468,2024-04-22
80,2,394,2024-05-14
80,2,58,2024-05-21
80,9,461,2024-05-11
80,4,269,2024-05-08
80,3,573,2024-04-22
80,5,133,2024-05-16
80,8,5,2024-04-26
80,7,162,2024-05-20
80,7,190,2024-04-26
80,6,30,2024-05-17
80,1,63,2024-04-30
80,9,433,2024-05-11
80,8,466,2024-05-04
80,8,301,2024-05-03
80,9,169,2024-05-05
80,1,268,2024-05-15
80,9,419,2024-04-27
80,3,161,2024-05-17
80,6,384,2024-05-12
80,3,510,2024-05-05
80,4,578,2024-05-03
80,10,589,2024-05-21
80,4,36,2024-05-10
80,6,267,2024-05-17
80,3,339,2024-05-03
80,3,530,2024-05-08
80,5,579,2024-04-27
80,4,203,2024-04-28
80,10,80,2024-05-07
80,1,137,2024-04-26
80,4,189,2024-05-12
80,4,173,2024-06-12
80,7,75,2024-06-08
80,1,323,2024-06-16
80,1,548,2024-05-27
80,5,93,2024-06-01
80,4,183,2024-06-03
80,6,409,2024-06-05
80,5,333,2024-05-31
80,1,525,2024-05-27
80,5,273,2024-06-17
80,2,26,2024-05-29
80,5,91,2024-06-18
80,9,188,2024-06-15
80,10,195,2024-06-12
80,10,85,2024-06-06
80,9,77,2024-05-31
80,1,377,2024-06-11
80,1,426,2024-05-29
80,7,174,2024-06-12
80,2,21,2024-06-09
80,2,398,2024-05-31
80,1,402,2024-06-03
80,1,438,2024-06-06
80,8,223,2024-06-01
80,7,169,2024-05-28
80,6,42,2024-06-06
80,5,253,2024-06-08
80,8,189,2024-05-25
80,3,97,2024-06-11
80,3,47,2024-06-10
80,9,75,2024-06-20
80,7,59,2024-05-26
80,8,598,2024-05-31
80,2,33,2024-05-24
80,1,126,2024-06-07
80,5,342,2024-06-06
80,3,398,2024-05-24
80,3,321,2024-06-16
80,10,355,2024-06-03
80,6,582,2024-05-24
80,9,59,2024-05-24
80,5,351,2024-06-04
80,5,339,2024-05-26
80,5,596,2024-06-10
80,2,377,2024-05-28
80,1,114,2024-05-31
80,6,172,2024-06-08
80,6,281,2024-05-25
80,3,397,2024-06-17
80,3,418,2024-06-18
80,9,328,2024-06-11
80,9,82,2024-05-27
80,7,22,2024-05-24
80,10,382,2024-06-02
80,8,447,2024-05-29
80,8,425,2024-06-07
80,8,306,2024-06-10
80,5,319,2024-07-16
80,1,180,2024-06-24
80,8,518,2024-06-28
80,9,357,2024-07-20
80,2,99,2024-07-11
80,10,316,2024-07-01
80,6,547,2024-07-06
80,7,4,2024-07-01
80,8,119,2024-06-30
80,8,204,2024-07-08
80,7,143,2024-07-10
80,4,133,2024-06-29
80,2,245,2024-07-12
80,3,46,2024-07-17
80,5,148,2024-07-18
80,5,90,2024-06-30
80,7,113,2024-07-10
80,9,394,2024-07-13
80,3,339,2024-06-30
80,5,583,2024-07-12
80,6,584,2024-06-23
80,9,474,2024-07-19
80,6,583,2024-06-24
80,4,550,2024-07-12
80,2,204,2024-06-28
80,5,489,2024-07-20
80,4,172,2024-07-09
80,7,87,2024-06-22
80,5,499,2024-07-16
80,9,402,2024-07-18
80,10,218,2024-07-01
80,10,381,2024-07-08
80,3,288,2024-07-15
80,8,158,2024-07-17
80,8,155,2024-07-06
80,7,66,2024-07-10
80,9,562,2024-07-04
80,7,33,2024-07-10
80,1,353,2024-06-26
80,4,334,2024-07-18
80,10,30,2024-07-18
80,10,594,2024-07-04
80,7,88,2024-06-25
80,9,253,2024-07-13
80,7,39,2024-07-13
80,9,287,2024-07-08
80,9,509,2024-06-30
80,4,221,2024-07-19
80,5,531,2024-07-14
80,2,200,2024-07-16
80,6,121,2024-06-27
80,3,3,2024-06-23
80,5,445,2024-07-21
80,4,204,2024-06-27
80,5,128,2024-06-27
80,4,174,2024-07-20
80,3,37,2024-07-13
80,5,582,2024-07-11
80,4,205,2024-06-29
80,8,252,2024-07-10
80,7,31,2024-06-26
80,5,61,2024-06-24
80,2,335,2024-06-28
80,3,111,2024-07-02
80,2,212,2024-07-03
80,5,125,2024-06-28
80,1,120,2024-07-01
80,3,331,2024-07-13
80,4,309,2024-07-17
80,6,306,2024-07-04
80,3,65,2024-07-01
80,8,26,2024-07-20
80,10,133,2024-07-22
80,8,380,2024-07-26
80,1,111,2024-07-25
80,1,13,2024-08-15
80,10,548,2024-08-15
80,2,140,2024-08-09
80,2,222,2024-07-26
80,1,316,2024-07-24
80,1,218,2024-08-05
80,8,111,2024-08-06
80,4,147,2024-08-14
80,9,552,2024-07-27
80,3,456,2024-08-19
80,5,37,2024-08-02
80,9,139,2024-07-31
80,3,264,2024-08-13
80,4,224,2024-08-01
80,7,186,2024-08-20
80,7,141,2024-07-31
80,1,451,2024-07-28
80,5,409,2024-08-13
80,3,175,2024-07-22
80,5,480,2024-08-20
80,10,318,2024-07-22
80,10,219,2024-08-12
80,8,339,2024-08-09
80,2,305,2024-08-06
80,5,208,2024-07-26
80,4,511,2024-07-24
80,3,341,2024-07-25
80,6,530,2024-07-23
80,8,323,2024-08-11
80,3,347,2024-07-23
80,3,246,2024-08-11
80,6,133,2024-07-26
80,1,64,2024-08-06
80,4,104,2024-07-24
80,5,517,2024-08-13
80,8,242,2024-08-14
80,8,363,2024-08-19
80,2,486,2024-08-03
80,10,513,2024-08-01
80,7,138,2024-07-23
80,5,16,2024-08-20
80,7,90,2024-08-06
80,9,576,2024-07-22
80,9,267,2024-07-26
80,6,443,2024-08-06
80,2,76,2024-08-13
81,6,399,2024-03-13
81,10,292,2024-03-18
81,1,356,2024-03-18
81,7,22,2024-03-07
81,4,236,2024-03-25
81,7,170,2024-03-10
81,2,550,2024-03-01
81,2,377,2024-03-09
81,7,160,2024-03-10
81,3,191,2024-03-19
81,6,343,2024-02-29
81,10,552,2024-03-04
81,7,173,2024-03-19
81,10,461,2024-03-09
81,8,273,2024-03-02
81,2,319,2024-03-01
81,9,329,2024-03-24
81,6,93,2024-02-28
81,7,128,2024-03-16
81,5,167,2024-03-08
81,7,74,2024-03-04
81,1,591,2024-03-24
81,9,255,2024-03-19
81,2,56,2024-03-05
81,10,581,2024-03-26
81,6,544,2024-03-11
81,2,85,2024-03-24
81,4,216,2024-03-10
81,5,27,2024-03-20
81,6,154,2024-03-18
81,4,74,2024-03-24
81,3,149,2024-03-22
81,10,502,2024-03-26
81,4,232,2024-03-12
81,8,528,2024-03-02
81,1,445,2024-02-26
81,3,434,2024-03-13
81,1,582,2024-03-03
81,8,561,2024-03-17
81,8,320,2024-03-24
81,4,16,2024-03-21
81,9,179,2024-03-03
81,1,104,2024-03-25
81,3,588,2024-03-11
81,5,132,2024-03-19
81,7,165,2024-03-09
81,5,488,2024-03-17
81,1,75,2024-03-15
81,2,312,2024-03-21
81,9,225,2024-03-13
81,1,473,2024-02-26
81,7,137,2024-03-23
81,9,196,2024-03-05
81,6,341,2024-03-05
81,7,169,2024-03-17
81,4,373,2024-03-05
81,3,432,2024-03-12
81,1,402,2024-03-06
81,5,566,2024-03-11
81,8,118,2024-03-12
81,10,105,2024-03-11
81,6,148,2024-02-27
81,6,256,2024-03-14
81,5,193,2024-03-15
81,10,277,2024-03-25
81,7,24,2024-03-19
81,7,139,2024-03-11
81,2,198,2024-03-17
81,9,396,2024-03-22
81,4,535,2024-03-23
81,8,398,2024-03-18
81,3,283,2024-03-17
81,1,190,2024-03-09
81,8,44,2024-03-08
81,2,279,2024-03-05
81,1,311,2024-03-10
81,9,274,2024-02-27
81,6,451,2024-03-16
81,3,525,2024-03-13
81,6,304,2024-03-07
81,2,578,2024-03-19
81,5,584,2024-03-10
81,2,328,2024-03-03
81,10,254,2024-03-20
81,3,120,2024-03-11
81,6,514,2024-03-18
81,5,97,2024-03-03
81,2,417,2024-02-26
81,7,156,2024-03-13
81,9,582,2024-03-16
81,4,76,2024-03-26
81,5,322,2024-03-17
81,2,284,2024-02-29
81,5,134,2024-03-31
81,9,404,2024-04-07
81,5,452,2024-03-31
81,2,119,2024-03-28
81,10,324,2024-04-19
81,5,249,2024-04-20
81,10,394,2024-04-06
81,10,406,2024-04-02
81,5,21,2024-03-28
81,7,82,2024-04-21
81,3,559,2024-03-27
81,8,10,2024-04-18
81,8,152,2024-04-18
81,8,124,2024-04-19
81,2,553,2024-04-02
81,10,513,2024-04-24
81,5,171,2024-04-12
81,10,565,2024-04-23
81,8,385,2024-04-01
81,8,106,2024-04-13
81,6,395,2024-04-13
81,9,477,2024-04-13
81,2,505,2024-04-09
81,8,264,2024-03-27
81,6,429,2024-04-07
81,5,244,2024-04-19
81,1,262,2024-04-01
81,6,309,2024-04-22
81,4,325,2024-04-04
81,8,512,2024-04-17
81,4,442,2024-03-30
81,7,6,2024-04-07
81,3,463,2024-03-28
81,2,227,2024-04-05
81,10,189,2024-04-11
81,9,162,2024-04-22
81,3,5,2024-04-10
81,10,416,2024-04-06
81,4,397,2024-04-15
81,6,373,2024-04-20
81,1,182,2024-04-03
81,3,431,2024-04-12
81,6,352,2024-04-06
81,3,356,2024-03-31
81,6,269,2024-04-19
81,2,137,2024-04-14
81,1,173,2024-03-27
81,3,569,2024-04-19
81,6,14,2024-04-21
81,6,421,2024-04-05
81,4,218,2024-04-22
81,9,489,2024-03-30
81,4,218,2024-04-14
81,2,489,2024-04-15
81,3,182,2024-04-03
81,9,93,2024-04-15
81,8,516,2024-04-15
81,7,7,2024-04-23
81,7,85,2024-03-26
81,9,300,2024-03-31
81,5,563,2024-04-20
81,1,566,2024-04-18
81,2,72,2024-04-18
81,10,19,2024-04-04
81,8,415,2024-04-06
81,4,443,2024-04-03
81,8,509,2024-04-07
81,2,365,2024-04-07
81,8,91,2024-04-13
81,10,300,2024-04-08
81,6,373,2024-04-18
81,9,7,2024-03-31
81,6,161,2024-04-15
81,8,166,2024-04-06
81,1,511,2024-03-30
81,5,576,2024-04-06
81,3,319,2024-04-03
81,6,566,2024-03-27
81,10,514,2024-04-16
81,8,258,2024-04-03
81,9,303,2024-04-08
81,4,164,2024-03-29
81,5,408,2024-04-12
81,5,446,2024-03-27
81,8,561,2024-04-10
81,7,35,2024-04-14
81,8,467,2024-04-22
81,7,140,2024-04-11
81,9,407,2024-04-07
81,5,536,2024-04-02
81,9,132,2024-04-07
81,2,131,2024-03-30
81,8,412,2024-04-20
81,2,354,2024-04-09
81,8,432,2024-03-28
81,8,308,2024-04-22
81,7,37,2024-03-29
81,7,12,2024-04-13
81,9,478,2024-04-07
81,5,211,2024-03-27
81,7,55,2024-04-22
81,5,212,2024-04-23
81,2,114,2024-04-01
81,10,151,2024-04-14
81,4,212,2024-04-05
81,2,461,2024-04-03
81,1,312,2024-04-16
81,10,471,2024-04-22
81,5,246,2024-04-23
81,9,384,2024-04-04
81,4,300,2024-04-23
81,5,436,2024-04-11
81,10,486,2024-04-15
81,4,428,2024-04-15
81,3,340,2024-04-05
81,10,163,2024-04-08
81,8,92,2024-04-03
81,7,72,2024-04-05
81,5,191,2024-04-09
81,10,64,2024-04-12
81,4,29,2024-04-05
81,5,597,2024-04-04
81,1,593,2024-03-28
81,9,555,2024-04-12
81,10,53,2024-04-03
81,7,107,2024-04-02
81,2,549,2024-04-03
81,1,49,2024-04-04
81,8,153,2024-04-04
81,9,211,2024-04-04
81,1,565,2024-04-13
81,3,282,2024-04-16
81,3,51,2024-04-09
81,9,273,2024-04-04
81,8,46,2024-04-13
81,8,526,2024-05-18
81,2,440,2024-05-16
81,6,484,2024-05-12
81,5,131,2024-05-04
81,4,114,2024-05-15
81,3,339,2024-05-16
81,1,133,2024-05-19
81,10,364,2024-05-20
81,1,238,2024-05-13
81,2,289,2024-05-22
81,1,434,2024-05-10
81,4,324,2024-04-28
81,3,104,2024-05-07
81,10,289,2024-05-23
81,5,348,2024-05-23
81,4,43,2024-05-25
81,9,526,2024-04-28
81,5,184,2024-05-21
81,5,553,2024-05-13
81,6,533,2024-05-20
81,7,151,2024-05-24
81,10,69,2024-05-06
81,5,301,2024-05-22
81,4,553,2024-05-05
81,10,572,2024-05-05
81,3,216,2024-06-16
81,1,460,2024-06-23
81,3,160,2024-06-10
81,6,522,2024-06-22
81,1,241,2024-06-02
81,4,167,2024-06-19
81,10,327,2024-05-26
81,1,273,2024-06-09
81,8,375,2024-06-08
81,3,243,2024-06-06
81,3,350,2024-06-08
81,4,361,2024-05-28
81,10,76,2024-06-14
81,1,229,2024-06-02
81,10,590,2024-07-25
81,8,298,2024-07-19
81,4,290,2024-07-23
81,3,259,2024-06-29
81,2,338,2024-07-14
81,1,422,2024-06-28
81,1,65,2024-06-28
81,4,39,2024-07-18
81,9,320,2024-07-03
81,4,326,2024-07-06
81,1,200,2024-07-17
81,2,104,2024-07-15
81,9,164,2024-07-12
81,5,106,2024-08-21
81,5,129,2024-07-28
81,7,184,2024-08-06
81,9,420,2024-07-27
81,2,209,2024-08-15
81,2,153,2024-08-05
81,3,218,2024-08-07
81,6,594,2024-08-21
81,3,280,2024-08-09
81,9,139,2024-08-21
81,7,161,2024-08-10
81,6,183,2024-08-22
81,6,123,2024-08-23
81,2,381,2024-08-19
81,3,6,2024-08-10
81,6,192,2024-08-18
81,4,70,2024-07-26
81,9,313,2024-08-17
81,1,307,2024-08-22
81,5,36,2024-07-30
81,7,25,2024-08-11
82,3,501,2024-02-20
82,10,294,2024-02-29
82,6,90,2024-04-23
82,6,451,2024-04-13
82,1,150,2024-05-03
82,7,94,2024-07-07
83,9,170,2024-04-04
83,1,174,2024-03-24
83,4,540,2024-04-10
83,1,269,2024-04-18
83,2,526,2024-04-07
83,8,506,2024-04-09
83,3,259,2024-03-26
83,7,131,2024-04-08
83,10,239,2024-03-23
83,6,437,2024-04-01
83,7,103,2024-03-25
83,7,9,2024-03-30
83,3,397,2024-04-04
83,8,574,2024-04-21
83,7,10,2024-04-01
83,7,11,2024-04-03
83,8,241,2024-04-15
83,1,16,2024-03-31
83,4,202,2024-04-20
83,9,33,2024-04-15
83,3,203,2024-03-29
83,2,312,2024-04-07
83,5,394,2024-03-31
83,8,211,2024-03-25
83,10,322,2024-04-10
83,8,40,2024-03-27
83,6,190,2024-04-01
83,4,280,2024-03-31
83,8,105,2024-04-08
83,5,460,2024-04-14
83,2,364,2024-05-19
83,4,407,2024-04-27
83,1,578,2024-05-08
83,5,150,2024-04-23
83,1,525,2024-05-29
83,3,261,2024-05-26
83,1,300,2024-06-14
83,4,384,2024-06-08
83,6,196,2024-06-04
83,4,433,2024-06-10
83,10,229,2024-06-03
83,9,591,2024-06-14
83,4,28,2024-06-11
83,6,188,2024-06-08
83,6,80,2024-06-17
83,5,558,2024-05-24
83,1,509,2024-05-28
83,2,217,2024-06-16
83,1,453,2024-05-30
83,4,499,2024-05-27
83,5,504,2024-06-07
83,6,18,2024-06-02
83,1,125,2024-05-25
83,2,4,2024-06-10
83,9,228,2024-06-07
83,4,246,2024-07-22
83,10,177,2024-07-21
83,2,564,2024-07-01
83,6,38,2024-07-03
83,9,444,2024-07-12
83,3,556,2024-07-07
83,7,89,2024-07-14
83,2,239,2024-06-30
83,6,399,2024-07-08
83,4,251,2024-06-27
83,3,572,2024-06-24
83,2,585,2024-07-22
83,7,182,2024-07-18
83,8,492,2024-07-08
83,10,407,2024-07-17
83,1,362,2024-07-17
83,7,126,2024-06-26
83,6,215,2024-07-14
83,3,444,2024-06-27
83,8,437,2024-07-04
83,8,328,2024-08-13
83,2,301,2024-08-16
83,8,500,2024-08-09
83,6,97,2024-07-29
83,1,357,2024-08-03
83,10,254,2024-07-25
83,6,166,2024-07-26
83,5,344,2024-08-28
83,10,105,2024-08-26
84,3,63,2024-01-30
84,8,211,2024-01-22
84,3,575,2024-01-23
84,7,110,2024-01-12
84,1,19,2024-01-12
84,3,81,2024-01-14
84,1,118,2024-01-29
84,7,107,2024-01-08
84,3,137,2024-01-09
84,5,323,2024-01-19
84,5,7,2024-01-08
84,3,267,2024-01-20
84,6,247,2024-01-17
84,3,374,2024-01-12
84,9,348,2024-01-24
84,5,107,2024-01-08
84,8,119,2024-01-12
84,6,185,2024-02-06
84,3,215,2024-02-05
84,2,272,2024-01-29
84,8,403,2024-01-10
84,3,369,2024-01-16
84,5,537,2024-01-28
84,7,81,2024-02-01
84,1,548,2024-01-30
84,9,177,2024-01-19
84,6,431,2024-01-12
84,3,410,2024-01-09
84,1,143,2024-01-09
84,4,428,2024-01-28
84,4,328,2024-01-19
84,7,46,2024-01-27
84,10,352,2024-01-20
84,5,172,2024-01-17
84,5,51,2024-01-20
84,9,395,2024-01-12
84,10,274,2024-02-05
84,4,300,2024-01-11
84,5,549,2024-01-08
84,2,383,2024-01-26
84,3,534,2024-01-16
84,10,129,2024-01-29
84,9,570,2024-01-10
84,6,575,2024-01-12
84,1,223,2024-01-10
84,7,45,2024-01-22
84,1,399,2024-01-12
84,6,430,2024-01-18
84,7,183,2024-01-27
84,10,94,2024-01-13
84,5,564,2024-01-29
84,3,371,2024-01-28
84,5,383,2024-01-27
84,5,192,2024-01-16
84,4,221,2024-01-22
84,3,7,2024-01-31
84,9,23,2024-02-10
84,9,309,2024-02-11
84,1,473,2024-02-13
84,2,109,2024-02-14
84,3,31,2024-02-13
84,8,480,2024-02-10
84,5,286,2024-02-29
84,1,394,2024-02-14
84,4,426,2024-03-05
84,7,23,2024-02-18
84,5,392,2024-02-15
84,5,261,2024-02-14
84,6,386,2024-03-02
84,3,450,2024-02-23
84,10,183,2024-03-04
84,6,376,2024-02-20
84,6,538,2024-02-21
84,2,358,2024-03-03
84,3,507,2024-03-04
84,8,31,2024-02-12
84,6,128,2024-02-29
84,10,251,2024-03-07
84,3,443,2024-02-23
84,5,113,2024-02-09
84,10,19,2024-02-27
84,9,465,2024-02-26
84,3,191,2024-02-20
84,6,163,2024-02-11
84,7,67,2024-02-16
84,8,562,2024-02-28
84,4,124,2024-03-07
84,5,195,2024-02-17
84,1,489,2024-02-15
84,4,508,2024-02-09
84,4,446,2024-02-23
84,9,469,2024-02-12
84,10,272,2024-03-01
84,10,297,2024-03-01
84,3,76,2024-02-20
84,7,113,2024-02-09
84,4,351,2024-02-16
84,5,255,2024-02-15
84,6,203,2024-03-11
84,3,68,2024-03-10
84,10,43,2024-03-18
84,6,285,2024-03-30
84,4,19,2024-04-03
84,3,48,2024-03-16
84,3,344,2024-03-27
84,7,51,2024-03-31
84,3,21,2024-03-08
84,5,6,2024-03-14
84,2,82,2024-04-06
84,9,335,2024-03-22
84,10,594,2024-04-05
84,10,553,2024-03-18
84,7,3,2024-03-26
84,1,587,2024-04-06
84,2,449,2024-03-19
84,8,463,2024-04-18
84,8,352,2024-04-19
84,3,469,2024-04-11
84,8,384,2024-04-30
84,7,186,2024-04-30
84,1,333,2024-04-14
84,4,483,2024-05-06
84,5,114,2024-04-15
84,9,21,2024-04-10
84,10,209,2024-04-17
84,3,473,2024-04-09
84,9,516,2024-05-05
84,10,352,2024-05-06
84,6,47,2024-04-20
84,7,31,2024-04-26
84,9,36,2024-04-28
84,8,351,2024-05-05
84,3,216,2024-05-07
84,1,296,2024-04-21
84,10,56,2024-04-29
84,5,108,2024-04-13
84,1,214,2024-04-26
84,6,397,2024-04-13
84,1,173,2024-04-16
84,2,466,2024-06-28
84,10,478,2024-06-14
84,5,592,2024-06-14
84,6,322,2024-06-12
84,8,221,2024-06-19
84,7,166,2024-06-20
84,6,81,2024-06-23
84,1,35,2024-06-13
84,5,494,2024-06-30
84,9,581,2024-07-05
84,1,475,2024-06-17
84,8,497,2024-06-29
84,4,175,2024-06-17
85,5,534,2024-04-16
85,7,117,2024-04-15
85,4,532,2024-04-10
85,8,562,2024-04-20
85,8,383,2024-04-11
85,10,269,2024-04-09
85,9,392,2024-03-31
85,4,434,2024-04-18
85,3,36,2024-04-15
85,4,57,2024-04-08
85,1,386,2024-04-22
85,6,352,2024-05-10
85,5,93,2024-05-18
85,6,494,2024-05-09
85,3,389,2024-04-28
85,9,434,2024-05-01
85,9,378,2024-05-02
85,5,338,2024-04-27
85,4,492,2024-04-27
85,8,119,2024-05-02
85,3,471,2024-05-03
85,5,97,2024-05-10
85,1,350,2024-04-29
85,2,599,2024-05-24
85,3,476,2024-04-29
85,9,33,2024-04-28
85,4,561,2024-05-25
85,8,594,2024-05-11
85,5,224,2024-05-20
85,5,520,2024-04-29
85,9,40,2024-05-16
85,3,501,2024-05-16
85,4,424,2024-04-28
85,10,451,2024-04-29
85,6,329,2024-05-21
85,2,370,2024-05-16
85,6,387,2024-04-28
85,2,571,2024-05-01
85,1,377,2024-05-10
85,10,100,2024-05-09
85,2,118,2024-04-30
85,3,541,2024-04-28
85,5,213,2024-04-27
85,1,373,2024-05-06
85,1,19,2024-05-03
85,8,153,2024-05-12
85,4,550,2024-05-02
85,5,461,2024-05-02
85,10,328,2024-05-05
85,6,209,2024-05-06
85,5,554,2024-05-21
85,10,564,2024-04-30
85,4,137,2024-04-28
85,3,95,2024-05-05
85,7,2,2024-05-20
85,8,332,2024-05-25
85,6,221,2024-05-04
85,1,77,2024-05-31
85,3,42,2024-06-01
85,6,195,2024-06-08
85,4,141,2024-06-21
85,1,448,2024-06-19
85,5,236,2024-06-05
85,9,67,2024-06-10
85,7,91,2024-05-26
85,6,438,2024-06-13
85,6,266,2024-06-03
85,7,94,2024-06-23
85,6,239,2024-07-04
85,3,72,2024-07-17
85,4,517,2024-07-14
85,2,121,2024-07-24
85,3,570,2024-07-06
85,8,197,2024-07-22
85,8,91,2024-06-30
85,10,383,2024-06-30
85,2,154,2024-07-05
85,6,110,2024-07-18
85,3,23,2024-07-10
85,10,239,2024-07-13
85,9,127,2024-07-09
85,9,198,2024-07-09
85,2,179,2024-06-30
85,5,314,2024-07-14
85,2,122,2024-07-03
85,7,169,2024-06-28
85,6,149,2024-07-16
85,10,248,2024-06-26
85,1,227,2024-07-22
85,2,484,2024-06-26
85,10,95,2024-07-20
85,5,69,2024-07-04
85,5,45,2024-07-22
85,8,27,2024-06-26
85,1,136,2024-06-28
85,1,507,2024-07-07
85,4,242,2024-08-01
85,3,281,2024-08-17
85,8,392,2024-08-01
85,9,571,2024-08-11
85,4,132,2024-07-30
85,8,42,2024-08-11
85,6,329,2024-08-04
85,8,338,2024-08-17
85,5,539,2024-07-26
85,2,507,2024-08-04
85,6,443,2024-08-22
85,8,51,2024-08-15
85,2,92,2024-08-10
85,8,580,2024-08-05
85,10,76,2024-08-16
85,3,363,2024-08-18
85,8,28,2024-08-19
85,10,345,2024-08-01
85,10,227,2024-07-31
85,10,50,2024-08-16
85,5,288,2024-07-28
85,7,91,2024-08-24
85,6,412,2024-08-24
85,6,324,2024-08-09
86,10,307,2024-03-13
86,9,7,2024-03-30
86,3,468,2024-03-17
86,7,187,2024-03-25
86,6,228,2024-03-13
86,2,570,2024-03-09
86,8,26,2024-04-05
86,10,240,2024-04-21
86,2,332,2024-04-17
86,10,556,2024-04-04
86,7,33,2024-05-29
86,2,30,2024-05-11
86,7,97,2024-05-08
86,8,413,2024-05-31
86,2,209,2024-05-23
86,5,214,2024-05-25
86,1,595,2024-05-28
86,9,576,2024-05-29
86,8,500,2024-05-28
86,10,295,2024-05-03
86,1,1,2024-05-14
86,10,244,2024-06-15
86,6,380,2024-07-17
86,5,149,2024-07-31
86,7,38,2024-07-30
86,10,91,2024-07-03
86,1,161,2024-07-05
86,9,442,2024-08-28
87,10,94,2024-04-20
87,5,501,2024-04-10
87,2,9,2024-04-09
87,4,321,2024-03-31
87,9,311,2024-04-24
87,2,343,2024-04-12
87,4,556,2024-04-18
87,5,285,2024-04-28
87,4,495,2024-04-01
87,6,200,2024-04-10
87,5,136,2024-04-24
87,4,422,2024-04-03
87,5,342,2024-04-16
87,4,4,2024-04-03
87,6,411,2024-04-19
87,6,531,2024-04-23
87,3,475,2024-04-06
87,10,261,2024-04-14
87,9,586,2024-04-22
87,7,172,2024-04-21
87,10,56,2024-05-02
87,6,315,2024-05-05
87,5,231,2024-05-03
87,6,453,2024-04-30
87,2,209,2024-05-08
87,9,565,2024-05-23
87,10,596,2024-05-16
87,4,215,2024-05-26
87,2,18,2024-05-21
87,9,579,2024-05-06
87,10,30,2024-05-08
87,9,228,2024-05-17
87,6,509,2024-06-17
87,8,257,2024-06-14
87,6,456,2024-06-13
87,10,144,2024-06-13
87,8,487,2024-06-06
87,9,26,2024-06-05
87,3,400,2024-06-13
87,9,216,2024-06-20
87,3,329,2024-06-04
87,7,75,2024-06-16
87,1,259,2024-06-25
87,3,311,2024-06-13
87,10,497,2024-06-02
87,8,122,2024-05-31
87,7,40,2024-06-28
87,9,519,2024-06-26
87,1,513,2024-07-26
87,4,433,2024-07-06
87,8,387,2024-07-29
87,1,98,2024-07-05
87,7,185,2024-07-20
87,4,235,2024-07-15
87,6,200,2024-07-19
87,1,526,2024-07-29
87,5,378,2024-07-20
87,2,486,2024-07-25
87,9,168,2024-07-25
87,3,594,2024-07-19
87,9,233,2024-07-18
87,1,49,2024-07-03
87,4,272,2024-07-14
87,10,70,2024-07-04
87,6,234,2024-07-06
87,7,170,2024-07-29
87,10,121,2024-07-14
87,6,24,2024-07-01
87,8,377,2024-07-19
87,5,499,2024-07-13
87,7,88,2024-07-12
87,10,310,2024-07-05
87,5,32,2024-07-10
87,6,15,2024-07-01
87,10,337,2024-07-19
87,2,591,2024-07-28
87,1,120,2024-07-25
87,6,64,2024-07-11
87,6,314,2024-07-22
87,5,590,2024-07-23
87,8,540,2024-07-21
87,1,579,2024-07-24
87,7,126,2024-07-11
87,3,87,2024-07-22
87,7,139,2024-07-03
87,10,456,2024-07-27
87,2,525,2024-07-03
87,10,576,2024-07-18
87,6,60,2024-07-01
87,8,168,2024-07-27
87,1,191,2024-07-01
87,8,259,2024-08-28
87,9,437,2024-08-28
87,2,59,2024-08-22
87,6,540,2024-07-30
87,4,563,2024-08-05
87,7,46,2024-08-24
87,10,24,2024-08-05
87,4,335,2024-08-15
87,3,258,2024-08-05
87,9,21,2024-08-07
87,8,289,2024-08-12
87,2,118,2024-08-03
87,7,89,2024-08-12
87,4,232,2024-08-02
87,3,364,2024-08-16
87,8,335,2024-08-09
87,8,75,2024-08-10
87,3,381,2024-08-04
87,5,586,2024-08-26
87,2,376,2024-08-03
87,8,101,2024-08-20
87,10,206,2024-08-14
87,5,11,2024-08-17
87,10,19,2024-08-18
87,6,94,2024-08-21
87,5,140,2024-08-24
87,5,149,2024-08-27
87,2,219,2024-08-27
87,10,425,2024-08-17
87,7,133,2024-08-24
87,10,373,2024-08-18
87,10,342,2024-08-05
87,7,11,2024-08-26
87,8,501,2024-08-05
87,4,233,2024-08-14
87,5,501,2024-08-23
87,8,81,2024-08-03
87,6,541,2024-08-24
87,2,415,2024-08-20
87,9,196,2024-08-01
87,9,44,2024-08-07
87,10,155,2024-08-16
87,10,594,2024-08-14
87,1,377,2024-08-04
87,9,531,2024-08-01
87,10,572,2024-08-01
87,2,541,2024-08-09
87,6,595,2024-08-03
87,5,419,2024-08-17
87,1,502,2024-08-01
87,1,461,2024-08-12
87,10,512,2024-09-14
87,9,491,2024-09-15
87,5,527,2024-09-16
88,9,304,2024-06-13
88,10,323,2024-06-14
88,1,445,2024-06-11
88,10,418,2024-06-15
88,9,40,2024-06-18
88,7,158,2024-06-11
88,2,414,2024-05-24
88,10,526,2024-06-02
88,6,217,2024-06-02
88,5,172,2024-05-26
88,10,128,2024-06-11
88,8,24,2024-06-11
88,8,423,2024-06-06
88,5,538,2024-05-30
88,10,570,2024-06-03
88,9,455,2024-05-27
88,10,159,2024-06-07
88,8,307,2024-06-04
88,9,38,2024-05-29
88,9,346,2024-06-17
88,8,149,2024-06-05
88,3,118,2024-06-18
88,9,194,2024-05-29
88,8,443,2024-06-14
88,5,301,2024-05-22
88,10,250,2024-05-26
88,7,3,2024-06-03
88,6,406,2024-05-28
88,1,244,2024-06-04
88,1,120,2024-06-07
88,8,504,2024-05-26
88,1,183,2024-06-02
88,7,118,2024-06-06
88,5,528,2024-06-06
88,1,102,2024-05-28
88,5,408,2024-07-17
88,4,367,2024-07-20
88,5,549,2024-06-23
88,6,181,2024-07-05
88,2,238,2024-06-30
88,4,107,2024-07-10
88,7,79,2024-07-13
88,9,271,2024-07-16
88,2,454,2024-07-08
88,9,438,2024-07-14
88,6,156,2024-07-05
88,3,581,2024-06-24
88,1,501,2024-06-30
88,5,135,2024-07-02
88,7,2,2024-07-20
88,4,241,2024-07-03
88,5,325,2024-07-10
88,10,231,2024-06-26
88,10,179,2024-07-06
88,2,161,2024-07-01
88,3,32,2024-07-15
88,7,3,2024-06-21
88,4,425,2024-07-18
88,7,133,2024-07-03
88,6,471,2024-07-02
88,5,567,2024-07-11
88,5,19,2024-06-25
88,8,456,2024-06-22
88,1,59,2024-07-13
88,3,440,2024-07-10
88,10,574,2024-07-08
88,5,182,2024-07-07
88,1,105,2024-06-25
88,4,129,2024-06-23
88,4,235,2024-07-11
88,10,350,2024-06-25
88,10,509,2024-07-09
88,7,190,2024-07-06
88,6,458,2024-07-17
88,10,570,2024-07-01
88,6,522,2024-07-15
88,7,141,2024-07-01
88,7,11,2024-07-04
88,1,16,2024-06-21
88,9,489,2024-07-18
88,10,51,2024-07-05
88,8,121,2024-07-07
88,3,454,2024-07-05
88,4,520,2024-07-15
88,7,81,2024-07-06
88,2,145,2024-07-15
88,4,328,2024-06-25
88,5,261,2024-07-17
88,5,94,2024-06-21
88,8,525,2024-07-10
88,6,498,2024-07-08
88,8,414,2024-07-07
88,8,591,2024-07-16
88,10,383,2024-06-21
88,9,377,2024-06-21
88,9,504,2024-06-25
88,6,325,2024-06-24
88,10,31,2024-07-04
88,4,538,2024-07-14
88,8,291,2024-06-30
88,8,415,2024-07-09
88,2,36,2024-06-25
88,2,39,2024-07-09
88,6,592,2024-07-04
88,6,442,2024-07-17
88,10,534,2024-07-03
88,8,296,2024-07-11
88,4,523,2024-07-11
88,9,524,2024-07-16
88,6,131,2024-07-20
88,1,143,2024-07-05
88,5,54,2024-07-14
88,9,119,2024-06-21
88,7,74,2024-07-15
88,4,192,2024-07-01
88,7,121,2024-07-07
88,10,473,2024-06-24
88,8,211,2024-08-02
88,8,283,2024-08-16
88,6,298,2024-08-14
88,10,125,2024-07-26
88,8,402,2024-08-06
88,10,362,2024-07-22
88,10,521,2024-09-05
88,7,105,2024-09-14
88,9,6,2024-09-19
88,10,103,2024-09-07
88,1,509,2024-09-10
88,8,87,2024-08-25
88,10,413,2024-09-13
88,6,295,2024-09-12
88,4,384,2024-09-15
88,10,77,2024-08-28
88,6,379,2024-09-02
88,8,81,2024-08-24
88,7,176,2024-09-14
88,2,383,2024-09-10
88,9,345,2024-09-11
88,7,153,2024-09-03
88,6,231,2024-09-27
88,2,228,2024-10-03
88,10,73,2024-10-05
88,10,124,2024-10-10
88,4,48,2024-10-03
88,1,118,2024-09-24
88,10,218,2024-10-11
88,9,176,2024-09-24
88,1,159,2024-10-01
88,9,357,2024-10-16
88,7,99,2024-09-24
88,10,105,2024-09-30
88,1,460,2024-10-01
88,5,168,2024-10-16
88,7,174,2024-10-04
88,4,599,2024-10-07
88,6,249,2024-10-09
88,4,120,2024-10-18
88,5,117,2024-10-07
88,6,38,2024-09-25
88,5,410,2024-10-03
88,3,465,2024-10-06
88,8,79,2024-10-02
88,5,197,2024-10-14
88,8,226,2024-10-09
88,10,538,2024-10-07
88,3,556,2024-10-10
88,7,25,2024-10-18
88,5,204,2024-10-06
88,1,514,2024-09-30
88,2,32,2024-10-15
88,10,293,2024-10-02
88,1,115,2024-10-08
88,6,469,2024-09-30
88,8,60,2024-10-03
88,5,11,2024-10-14
88,1,410,2024-09-30
88,4,213,2024-10-20
88,10,268,2024-10-04
88,3,540,2024-09-22
88,3,135,2024-10-08
88,7,118,2024-10-20
88,7,73,2024-10-13
88,6,440,2024-09-27
88,6,516,2024-10-06
88,7,60,2024-09-28
88,8,508,2024-10-18
88,4,314,2024-10-15
88,3,585,2024-10-09
88,7,84,2024-10-11
88,3,258,2024-11-01
88,8,542,2024-11-12
88,7,40,2024-11-02
88,1,224,2024-11-17
88,8,170,2024-11-17
88,5,248,2024-10-29
88,2,435,2024-11-11
88,9,78,2024-10-30
88,10,392,2024-11-03
88,6,416,2024-11-10
88,3,252,2024-11-09
88,7,87,2024-11-08
88,4,483,2024-11-04
88,2,310,2024-10-27
88,4,485,2024-10-28
88,9,202,2024-11-19
88,1,510,2024-10-23
88,5,579,2024-11-04
88,1,520,2024-11-12
88,10,67,2024-11-09
88,3,77,2024-11-09
88,8,55,2024-10-29
88,9,247,2024-11-12
88,8,314,2024-11-17
88,3,216,2024-11-06
88,6,82,2024-10-27
88,3,496,2024-10-31
88,10,176,2024-10-25
88,9,359,2024-11-19
88,9,260,2024-11-08
88,4,536,2024-11-07
88,5,181,2024-11-18
88,9,349,2024-11-18
88,3,348,2024-10-26
88,10,236,2024-11-10
88,2,306,2024-10-24
88,4,415,2024-11-12
88,1,512,2024-10-31
88,6,571,2024-11-18
88,9,188,2024-10-25
88,10,187,2024-10-30
88,4,164,2024-10-28
88,6,267,2024-11-17
88,9,429,2024-11-08
88,2,536,2024-11-02
88,9,440,2024-11-19
88,7,124,2024-11-03
88,9,271,2024-11-02
88,10,584,2024-11-04
88,7,98,2024-10-29
88,5,593,2024-10-29
88,1,424,2024-10-25
88,6,593,2024-11-07
88,7,146,2024-10-25
88,9,197,2024-11-17
88,3,27,2024-11-02
88,6,135,2024-11-15
88,10,571,2024-10-28
88,3,68,2024-10-30
88,4,63,2024-11-12
88,4,392,2024-11-11
88,6,347,2024-10-29
88,4,123,2024-11-14
88,1,311,2024-10-26
88,7,9,2024-10-30
88,4,528,2024-11-01
88,9,475,2024-10-29
88,1,389,2024-11-15
88,5,513,2024-10-23
88,9,343,2024-10-26
88,9,260,2024-11-09
88,3,261,2024-11-17
88,10,247,2024-11-05
88,7,38,2024-11-09
88,7,46,2024-11-07
88,9,231,2024-11-07
88,10,578,2024-11-02
88,6,155,2024-11-12
88,9,255,2024-11-09
88,8,458,2024-11-05
88,2,102,2024-11-09
88,8,599,2024-11-13
88,5,363,2024-11-02
88,3,115,2024-11-07
88,6,343,2024-10-30
88,7,172,2024-10-28
88,2,590,2024-10-31
88,10,125,2024-10-26
88,6,106,2024-11-01
88,1,242,2024-11-02
88,9,536,2024-11-17
89,7,99,2024-06-05
89,4,302,2024-06-01
89,7,152,2024-06-02
89,4,485,2024-06-02
89,7,110,2024-06-13
89,6,507,2024-06-10
89,1,175,2024-06-17
89,1,477,2024-06-08
89,2,452,2024-06-10
89,2,213,2024-06-09
89,8,134,2024-06-15
89,4,243,2024-06-06
89,6,533,2024-05-30
89,6,525,2024-05-25
89,6,117,2024-06-17
89,9,317,2024-06-05
89,10,388,2024-06-12
89,10,396,2024-05-25
89,7,149,2024-05-28
89,9,328,2024-06-13
89,10,96,2024-06-21
89,10,175,2024-05-25
89,8,497,2024-06-06
89,3,119,2024-06-12
89,8,451,2024-06-14
89,5,376,2024-06-21
89,9,390,2024-06-09
89,10,592,2024-05-27
89,2,267,2024-06-12
89,9,279,2024-06-08
89,9,127,2024-06-15
89,8,234,2024-06-20
89,9,439,2024-06-02
89,2,556,2024-06-16
89,5,56,2024-06-09
89,4,257,2024-06-20
89,10,63,2024-05-30
89,8,568,2024-06-05
89,1,215,2024-06-06
89,1,499,2024-06-12
89,6,587,2024-05-31
89,1,363,2024-07-09
89,3,496,2024-07-15
89,3,216,2024-06-30
89,3,421,2024-06-25
89,6,287,2024-07-08
89,9,375,2024-07-21
89,8,166,2024-07-21
89,5,566,2024-07-17
89,9,271,2024-07-01
89,8,113,2024-07-10
89,8,427,2024-07-01
89,6,385,2024-08-17
89,7,84,2024-08-09
89,1,18,2024-08-18
89,4,291,2024-08-01
89,4,279,2024-08-08
89,5,517,2024-08-20
89,6,540,2024-08-06
89,4,306,2024-07-30
89,5,163,2024-08-13
89,3,468,2024-07-26
89,4,570,2024-08-20
89,2,478,2024-08-03
89,8,245,2024-08-22
89,7,123,2024-08-13
89,10,22,2024-08-22
89,10,511,2024-08-09
89,6,342,2024-08-11
89,10,74,2024-08-02
89,6,220,2024-08-08
89,7,114,2024-07-26
89,2,587,2024-08-18
89,3,381,2024-08-13
89,1,209,2024-08-13
89,2,160,2024-08-12
89,3,573,2024-07-30
89,6,390,2024-08-17
89,8,377,2024-08-10
89,10,376,2024-07-29
89,3,42,2024-07-27
89,6,458,2024-07-26
89,9,326,2024-08-22
89,5,160,2024-07-28
89,5,254,2024-08-17
89,2,353,2024-08-07
89,6,203,2024-08-07
89,4,221,2024-08-19
89,3,560,2024-07-31
89,8,315,2024-08-21
89,4,31,2024-08-03
89,6,349,2024-08-20
89,2,504,2024-08-15
89,9,523,2024-08-09
89,6,252,2024-08-11
89,5,153,2024-07-25
89,4,458,2024-08-19
89,3,447,2024-07-25
89,1,541,2024-07-26
89,5,226,2024-08-13
89,9,531,2024-07-26
89,4,233,2024-08-13
89,5,324,2024-08-22
89,8,141,2024-08-08
89,4,404,2024-08-11
89,9,414,2024-08-17
89,9,193,2024-07-27
89,7,113,2024-08-04
89,8,281,2024-08-01
89,5,523,2024-08-23
89,9,500,2024-08-18
89,1,436,2024-08-04
89,10,593,2024-08-21
89,6,208,2024-08-13
89,4,497,2024-07-29
89,9,374,2024-08-17
89,4,432,2024-07-31
89,7,112,2024-08-11
89,6,529,2024-08-19
89,3,598,2024-07-31
89,2,126,2024-07-30
89,5,319,2024-07-30
89,1,426,2024-08-16
89,8,286,2024-07-31
89,9,225,2024-08-19
89,9,107,2024-08-20
89,3,331,2024-07-29
89,4,516,2024-08-01
89,10,163,2024-08-06
89,8,531,2024-09-11
89,1,516,2024-09-20
89,2,152,2024-09-04
89,10,540,2024-09-02
89,10,49,2024-09-08
89,2,518,2024-09-22
89,10,156,2024-08-31
89,2,440,2024-09-06
89,10,368,2024-09-02
89,8,57,2024-09-08
89,6,27,2024-08-31
89,6,119,2024-09-12
89,4,265,2024-09-12
89,2,189,2024-09-20
89,7,71,2024-08-30
89,1,25,2024-08-30
89,2,40,2024-10-15
89,7,80,2024-09-28
89,2,517,2024-10-11
89,2,150,2024-10-08
89,4,103,2024-10-09
89,2,461,2024-10-06
89,2,518,2024-10-18
89,1,565,2024-09-25
89,6,519,2024-10-16
89,9,216,2024-10-13
89,7,126,2024-10-07
89,5,172,2024-10-23
89,1,95,2024-10-21
89,4,574,2024-10-23
89,9,467,2024-10-09
89,2,297,2024-09-25
89,9,215,2024-10-06
89,2,207,2024-10-15
89,7,85,2024-10-12
89,5,558,2024-10-16
89,5,578,2024-10-16
89,6,364,2024-09-26
89,4,455,2024-10-10
89,1,353,2024-10-08
89,6,31,2024-10-06
89,10,411,2024-10-14
89,3,417,2024-10-21
89,8,389,2024-10-23
89,8,469,2024-10-18
89,7,189,2024-10-13
89,4,283,2024-10-22
89,7,148,2024-09-30
89,2,588,2024-10-12
89,3,234,2024-10-01
89,3,467,2024-10-07
89,4,287,2024-10-04
89,6,481,2024-09-30
89,8,28,2024-10-09
89,8,310,2024-09-30
89,3,494,2024-09-26
89,7,40,2024-10-04
89,6,116,2024-09-25
89,9,379,2024-10-04
89,4,322,2024-10-14
89,5,562,2024-10-01
89,3,478,2024-10-10
89,8,20,2024-10-22
89,5,259,2024-10-23
89,5,201,2024-10-21
89,2,231,2024-10-09
89,10,552,2024-09-27
89,4,91,2024-10-20
89,2,522,2024-10-23
89,9,483,2024-10-09
89,9,407,2024-09-30
89,3,411,2024-10-17
89,3,13,2024-10-21
89,6,555,2024-10-05
89,3,563,2024-10-06
89,5,506,2024-10-04
89,3,60,2024-10-21
89,2,379,2024-10-07
89,8,302,2024-10-24
89,7,172,2024-10-19
89,4,16,2024-10-13
89,10,101,2024-10-21
89,1,273,2024-10-13
89,5,175,2024-10-04
89,8,491,2024-09-25
89,7,21,2024-09-27
89,4,280,2024-10-14
89,3,146,2024-09-27
89,7,54,2024-10-20
89,5,472,2024-10-21
89,1,435,2024-10-12
89,2,187,2024-10-06
89,1,469,2024-10-15
89,3,473,2024-10-06
89,6,446,2024-10-04
89,6,38,2024-10-08
89,2,111,2024-10-20
89,10,168,2024-10-16
89,3,42,2024-10-03
89,2,487,2024-09-27
89,6,181,2024-10-07
89,6,464,2024-10-12
89,8,401,2024-10-12
89,10,145,2024-10-10
89,5,216,2024-09-26
89,4,548,2024-10-05
89,7,81,2024-10-19
89,3,254,2024-10-15
89,4,30,2024-10-19
89,1,359,2024-10-20
89,9,565,2024-10-10
89,1,133,2024-10-16
89,7,77,2024-11-23
89,7,111,2024-11-10
89,7,91,2024-10-27
89,5,298,2024-10-29
89,8,118,2024-11-16
89,7,15,2024-10-29
89,5,388,2024-11-23
89,4,53,2024-11-19
89,9,240,2024-11-15
89,8,361,2024-11-05
89,4,327,2024-11-14
89,4,476,2024-11-16
89,3,97,2024-10-31
89,9,256,2024-10-31
89,10,333,2024-11-22
89,3,458,2024-11-23
89,10,99,2024-11-21
89,4,477,2024-11-18
89,2,375,2024-11-15
89,2,155,2024-11-12
89,6,458,2024-11-13
89,1,24,2024-11-20
89,4,363,2024-11-10
89,8,266,2024-11-15
89,1,422,2024-11-10
89,10,243,2024-10-26
89,4,178,2024-11-20
89,5,36,2024-10-30
89,7,44,2024-10-26
89,2,472,2024-11-06
89,9,551,2024-11-22
89,9,174,2024-10-25
89,8,394,2024-11-19
89,9,586,2024-10-31
89,10,544,2024-11-12
89,5,189,2024-11-11
89,10,387,2024-11-19
89,7,163,2024-11-14
89,4,211,2024-11-15
89,6,308,2024-11-02
89,6,495,2024-11-02
89,10,458,2024-10-26
89,6,516,2024-10-26
89,5,302,2024-11-08
89,3,315,2024-11-08
89,8,276,2024-11-05
89,4,565,2024-10-30
89,7,167,2024-11-18
89,4,527,2024-10-25
89,9,151,2024-11-13
89,10,487,2024-11-21
89,2,225,2024-11-02
89,7,186,2024-10-25
89,4,207,2024-10-29
89,5,142,2024-11-07
89,5,331,2024-11-12
89,5,271,2024-11-14
89,7,69,2024-11-23
89,8,547,2024-10-29
89,4,558,2024-11-23
89,5,420,2024-11-14
89,7,67,2024-11-22
89,6,89,2024-11-20
89,4,52,2024-11-15
89,6,446,2024-10-25
89,3,374,2024-10-31
89,2,105,2024-10-27
89,2,336,2024-11-14
89,1,538,2024-11-13
89,6,508,2024-11-14
89,9,565,2024-11-06
89,8,128,2024-11-05
89,2,403,2024-11-12
89,6,560,2024-10-31
89,7,156,2024-11-16
89,3,209,2024-11-15
89,3,48,2024-11-22
89,3,495,2024-10-27
89,9,60,2024-11-09
89,4,229,2024-11-12
89,10,333,2024-11-08
90,7,15,2024-06-10
90,5,346,2024-05-28
90,6,13,2024-06-10
90,4,380,2024-06-10
90,5,180,2024-06-20
90,3,283,2024-05-23
90,4,16,2024-06-17
90,5,16,2024-06-07
90,1,69,2024-06-17
90,4,65,2024-06-02
90,7,79,2024-05-25
90,3,272,2024-06-13
90,2,273,2024-06-01
90,4,173,2024-06-14
90,6,521,2024-06-07
90,1,534,2024-05-29
90,3,172,2024-06-17
90,4,252,2024-06-15
90,10,367,2024-06-03
90,8,335,2024-06-12
90,3,461,2024-06-10
90,4,95,2024-06-15
90,10,168,2024-06-13
90,6,3,2024-06-10
90,2,23,2024-05-23
90,10,321,2024-06-12
90,4,367,2024-06-14
90,1,214,2024-06-06
90,2,133,2024-06-11
90,5,23,2024-05-31
90,7,138,2024-05-23
90,8,208,2024-06-19
90,2,155,2024-05-28
90,4,155,2024-05-31
90,10,505,2024-06-01
90,9,259,2024-06-19
90,3,409,2024-06-19
90,10,220,2024-05-29
90,1,455,2024-06-04
90,8,140,2024-06-18
90,2,530,2024-06-09
90,4,96,2024-06-18
90,6,416,2024-05-29
90,9,404,2024-05-22
90,5,208,2024-06-11
90,9,373,2024-05-31
90,10,69,2024-05-29
90,1,101,2024-05-22
90,7,62,2024-06-05
90,7,186,2024-06-14
90,7,123,2024-05-30
90,8,576,2024-05-29
90,3,383,2024-06-16
90,4,561,2024-05-27
90,2,321,2024-06-07
90,10,285,2024-05-22
90,3,370,2024-06-19
90,9,480,2024-06-11
90,6,360,2024-06-12
90,8,238,2024-05-22
90,7,111,2024-06-17
90,8,476,2024-06-08
90,4,535,2024-05-26
90,9,443,2024-05-29
90,2,547,2024-05-27
90,7,174,2024-06-16
90,8,463,2024-05-27
90,4,477,2024-05-27
90,9,499,2024-06-08
90,5,467,2024-05-26
90,4,139,2024-06-13
90,2,316,2024-06-17
90,7,188,2024-06-08
90,3,69,2024-06-13
90,6,12,2024-05-28
90,6,417,2024-06-05
90,5,311,2024-06-10
90,5,376,2024-06-05
90,4,83,2024-05-22
90,4,3,2024-05-29
90,9,236,2024-05-26
90,9,30,2024-05-28
90,6,148,2024-06-19
90,9,238,2024-05-24
90,1,31,2024-06-08
90,3,207,2024-06-20
90,7,165,2024-05-28
90,6,460,2024-05-29
90,9,284,2024-06-08
90,1,215,2024-06-01
90,4,95,2024-06-15
90,6,87,2024-06-19
90,7,104,2024-05-25
90,3,67,2024-05-31
90,8,207,2024-06-03
90,3,424,2024-06-08
90,5,487,2024-05-26
90,9,115,2024-06-15
90,1,211,2024-05-25
90,6,154,2024-06-14
90,7,184,2024-06-12
90,6,366,2024-06-12
90,3,127,2024-06-10
90,6,573,2024-05-28
90,3,500,2024-06-12
90,1,49,2024-06-01
90,10,11,2024-06-01
90,9,378,2024-05-30
90,9,548,2024-05-23
90,7,61,2024-05-25
90,5,561,2024-06-17
90,10,221,2024-05-27
90,7,115,2024-05-31
90,2,509,2024-06-02
90,10,416,2024-05-22
90,2,483,2024-06-10
90,5,495,2024-05-31
90,3,7,2024-06-18
90,10,434,2024-05-23
90,3,138,2024-06-05
90,10,32,2024-06-18
90,10,524,2024-05-29
90,7,78,2024-05-23
90,1,411,2024-05-29
90,1,227,2024-06-05
90,1,57,2024-05-28
90,8,217,2024-05-24
90,10,187,2024-06-08
90,6,116,2024-06-12
90,3,414,2024-07-09
90,9,280,2024-07-21
90,4,54,2024-06-24
90,8,499,2024-07-09
90,7,46,2024-07-07
90,3,189,2024-07-16
90,3,136,2024-06-23
90,9,113,2024-07-03
90,3,555,2024-07-21
90,2,525,2024-07-05
90,7,181,2024-06-29
90,2,40,2024-07-14
90,5,290,2024-07-01
90,7,106,2024-06-25
90,4,200,2024-06-27
90,9,411,2024-07-06
90,2,117,2024-07-13
90,8,212,2024-07-18
90,7,151,2024-07-11
90,1,98,2024-07-20
90,3,155,2024-07-03
90,1,256,2024-07-21
90,4,416,2024-06-30
90,10,266,2024-07-20
90,2,597,2024-07-16
90,10,308,2024-07-20
90,1,219,2024-07-21
90,9,584,2024-06-26
90,5,410,2024-06-27
90,1,137,2024-07-12
90,7,107,2024-07-06
90,8,133,2024-07-10
90,6,503,2024-07-20
90,4,121,2024-07-05
90,4,138,2024-06-23
90,9,308,2024-07-01
90,1,238,2024-07-09
90,3,151,2024-07-03
90,9,316,2024-06-26
90,4,126,2024-07-20
90,7,102,2024-07-19
90,5,484,2024-08-01
90,3,93,2024-07-28
90,5,215,2024-08-08
90,9,125,2024-07-30
90,5,158,2024-08-16
90,9,274,2024-08-16
90,5,117,2024-08-12
90,8,60,2024-08-07
90,10,180,2024-07-29
90,5,593,2024-08-20
90,9,568,2024-08-11
90,4,128,2024-08-14
90,9,20,2024-08-13
90,6,60,2024-07-24
90,10,129,2024-08-04
90,5,492,2024-07-27
90,8,247,2024-07-23
90,8,260,2024-08-17
90,5,107,2024-08-03
90,8,160,2024-07-27
90,7,57,2024-08-06
90,7,166,2024-08-02
90,10,100,2024-08-04
90,10,364,2024-07-23
90,9,304,2024-07-26
90,3,349,2024-08-06
90,3,433,2024-08-18
90,5,383,2024-08-17
90,2,410,2024-07-27
90,3,524,2024-07-30
90,9,65,2024-08-08
90,8,159,2024-08-01
90,1,411,2024-08-18
90,3,379,2024-08-13
90,8,350,2024-07-23
90,3,313,2024-08-06
90,10,231,2024-08-19
90,1,359,2024-08-02
90,2,265,2024-08-05
90,4,496,2024-08-16
90,2,387,2024-08-13
90,4,567,2024-08-11
90,8,296,2024-08-11
90,7,171,2024-08-12
90,8,240,2024-07-26
90,7,160,2024-08-04
90,1,22,2024-08-04
90,8,475,2024-07-24
90,1,371,2024-08-05
90,5,507,2024-07-29
90,9,556,2024-07-30
90,4,472,2024-08-01
90,5,213,2024-08-08
90,6,449,2024-08-12
90,5,189,2024-08-20
90,7,102,2024-08-17
90,7,5,2024-07-22
90,9,517,2024-08-10
90,6,114,2024-07-25
90,8,34,2024-07-29
90,5,505,2024-08-12
90,4,128,2024-07-24
90,10,350,2024-08-02
90,4,186,2024-08-30
90,2,1,2024-09-05
90,7,104,2024-08-24
90,2,448,2024-08-25
90,2,277,2024-08-31
90,5,104,2024-09-15
90,9,526,2024-10-05
90,4,366,2024-10-08
90,2,110,2024-10-18
90,6,309,2024-10-03
90,7,22,2024-09-27
90,2,264,2024-10-03
91,4,164,2024-01-06
91,2,558,2024-04-06
91,2,129,2024-04-17
91,6,249,2024-05-10
91,1,357,2024-06-19
92,1,450,2024-06-10
92,10,96,2024-05-14
92,9,381,2024-06-11
92,2,246,2024-05-20
92,2,510,2024-06-02
92,3,317,2024-05-18
92,9,370,2024-05-26
92,5,180,2024-05-28
92,10,83,2024-06-02
92,9,501,2024-06-04
92,2,569,2024-06-03
92,5,137,2024-05-24
92,5,361,2024-05-14
92,10,202,2024-06-09
92,8,531,2024-05-29
92,8,114,2024-05-22
92,4,590,2024-06-12
92,7,140,2024-06-06
92,7,107,2024-06-04
92,7,148,2024-06-08
92,1,325,2024-05-21
92,5,122,2024-07-11
92,5,266,2024-07-11
92,3,77,2024-06-29
92,2,35,2024-07-03
92,2,62,2024-07-03
92,4,47,2024-07-05
92,5,279,2024-06-24
92,7,35,2024-06-22
92,7,119,2024-06-15
92,10,272,2024-06-29
92,3,451,2024-07-11
92,6,228,2024-06-14
92,6,248,2024-06-28
92,8,53,2024-07-09
92,6,37,2024-07-03
92,4,84,2024-06-17
92,6,550,2024-06-18
92,9,152,2024-06-23
92,6,427,2024-06-22
92,5,544,2024-07-03
92,6,132,2024-07-07
92,7,10,2024-07-05
92,7,96,2024-07-01
92,9,7,2024-07-07
92,5,594,2024-06-16
92,1,455,2024-06-23
92,8,160,2024-07-06
92,1,462,2024-06-30
92,4,250,2024-08-08
92,8,112,2024-07-25
92,1,530,2024-07-21
92,2,75,2024-07-26
92,10,249,2024-07-16
92,3,363,2024-07-21
92,4,438,2024-08-06
92,5,295,2024-08-21
92,7,96,2024-08-17
92,1,374,2024-08-18
92,4,305,2024-09-07
92,2,521,2024-08-19
92,6,402,2024-09-04
92,3,271,2024-08-20
92,10,164,2024-08-29
92,9,21,2024-09-10
92,10,595,2024-08-30
92,1,397,2024-08-17
92,10,490,2024-09-02
92,9,436,2024-08-19
92,7,170,2024-09-06
92,4,241,2024-08-18
92,1,75,2024-09-09
92,4,535,2024-09-05
92,1,149,2024-09-04
92,1,160,2024-09-12
92,2,7,2024-09-04
92,6,526,2024-09-12
92,7,58,2024-08-25
92,9,73,2024-08-15
92,2,343,2024-08-25
92,3,559,2024-08-28
92,3,116,2024-09-01
92,3,8,2024-09-05
92,7,31,2024-09-12
92,10,409,2024-09-11
92,6,403,2024-08-22
92,9,157,2024-08-23
92,6,472,2024-08-21
92,6,465,2024-08-17
92,8,252,2024-08-26
92,8,302,2024-08-31
92,7,61,2024-08-30
92,2,302,2024-09-06
92,10,259,2024-09-12
92,9,57,2024-09-18
92,1,522,2024-10-04
92,1,361,2024-09-26
92,10,223,2024-09-21
92,7,98,2024-09-15
92,4,489,2024-10-13
92,9,334,2024-10-07
92,5,382,2024-09-20
92,9,452,2024-09-15
92,9,119,2024-10-05
92,5,439,2024-10-02
92,5,447,2024-09-24
92,10,395,2024-10-06
92,9,291,2024-10-07
92,5,599,2024-09-14
92,1,84,2024-09-18
92,10,51,2024-09-19
92,3,187,2024-09-26
92,1,419,2024-10-06
92,3,181,2024-10-06
92,2,340,2024-09-29
92,5,505,2024-09-22
92,4,62,2024-10-08
92,4,562,2024-10-09
92,1,295,2024-10-03
92,8,572,2024-10-07
92,6,457,2024-09-27
92,4,2,2024-10-04
92,10,216,2024-09-22
92,7,158,2024-10-05
92,2,58,2024-09-25
92,10,489,2024-09-29
92,5,389,2024-09-19
92,10,192,2024-09-24
92,2,327,2024-09-27
92,4,357,2024-10-02
92,5,284,2024-10-03
92,10,294,2024-09-15
92,3,188,2024-09-28
92,10,537,2024-09-15
92,7,79,2024-09-16
92,8,178,2024-11-01
92,8,165,2024-11-09
92,5,401,2024-11-12
92,6,76,2024-10-23
92,1,299,2024-11-11
93,10,544,2024-02-17
93,4,557,2024-02-14
93,4,239,2024-02-13
93,1,89,2024-03-03
93,9,535,2024-02-14
93,2,154,2024-02-20
93,10,339,2024-02-12
93,5,517,2024-03-02
93,6,35,2024-02-22
93,2,526,2024-03-02
93,10,254,2024-02-10
93,5,361,2024-02-11
93,7,146,2024-02-24
93,4,312,2024-02-08
93,10,288,2024-02-19
93,1,217,2024-03-03
93,6,27,2024-02-23
93,10,422,2024-02-20
93,5,325,2024-02-11
93,4,567,2024-03-06
93,9,45,2024-02-10
93,2,498,2024-02-08
93,7,68,2024-02-26
93,1,518,2024-02-24
93,4,167,2024-02-19
93,9,488,2024-02-20
93,6,82,2024-03-07
93,1,343,2024-03-06
93,9,361,2024-02-08
93,4,429,2024-02-23
93,7,66,2024-02-10
93,2,1,2024-02-29
93,6,258,2024-02-20
93,4,588,2024-03-04
93,3,35,2024-02-25
93,4,241,2024-02-13
93,5,371,2024-03-02
93,5,250,2024-02-25
93,9,337,2024-03-07
93,9,142,2024-02-11
93,6,88,2024-02-21
93,3,481,2024-02-29
93,3,244,2024-02-21
93,5,235,2024-03-04
93,9,290,2024-03-06
93,1,496,2024-02-22
93,2,412,2024-03-09
93,8,245,2024-03-31
93,3,496,2024-03-28
93,4,392,2024-04-03
93,1,541,2024-03-07
93,8,212,2024-03-20
93,8,178,2024-03-13
93,3,462,2024-03-18
93,8,287,2024-03-11
93,1,586,2024-03-17
93,7,16,2024-03-22
93,4,554,2024-03-20
93,9,306,2024-03-26
93,6,273,2024-03-15
93,9,100,2024-04-01
93,8,246,2024-03-21
93,2,81,2024-03-25
93,4,80,2024-03-30
93,3,309,2024-03-23
93,4,292,2024-03-27
93,3,542,2024-03-28
93,2,405,2024-03-26
93,5,381,2024-03-15
93,6,343,2024-04-05
93,8,425,2024-03-20
93,5,376,2024-03-08
93,10,25,2024-03-24
93,4,408,2024-04-16
93,3,459,2024-05-05
93,5,338,2024-04-09
93,8,331,2024-04-27
93,3,345,2024-04-09
93,10,248,2024-04-22
93,5,467,2024-05-03
93,6,541,2024-04-18
93,3,259,2024-04-29
93,10,344,2024-04-27
93,5,516,2024-05-01
93,6,509,2024-05-04
93,8,184,2024-04-27
93,9,158,2024-04-14
93,3,157,2024-04-15
93,5,347,2024-04-30
93,4,350,2024-04-07
93,1,438,2024-04-14
93,10,546,2024-04-22
93,4,595,2024-05-05
93,9,523,2024-04-14
93,7,33,2024-04-14
93,9,410,2024-04-23
93,7,73,2024-04-20
93,5,312,2024-05-01
93,7,173,2024-04-11
93,8,335,2024-04-28
93,4,161,2024-04-12
93,7,173,2024-06-03
93,7,105,2024-05-07
93,5,24,2024-05-19
93,3,373,2024-06-05
93,1,441,2024-05-26
93,5,595,2024-06-05
93,2,352,2024-06-05
93,7,187,2024-06-01
93,3,31,2024-05-08
93,10,566,2024-05-16
93,7,146,2024-06-17
93,4,404,2024-07-06
93,8,427,2024-06-26
93,3,106,2024-07-04
93,3,21,2024-06-12
93,7,53,2024-06-29
93,4,453,2024-06-28
93,9,352,2024-06-28
94,7,1,2024-04-08
94,2,233,2024-04-04
94,7,20,2024-03-28
94,2,426,2024-03-18
94,5,72,2024-03-12
94,2,523,2024-03-21
94,3,299,2024-03-20
94,8,495,2024-03-18
94,3,53,2024-03-22
94,6,400,2024-04-09
94,1,489,2024-04-01
94,3,417,2024-04-08
94,10,6,2024-04-16
94,3,427,2024-04-16
94,2,88,2024-04-23
94,1,64,2024-04-24
94,1,377,2024-04-23
94,9,518,2024-05-05
94,5,313,2024-05-01
94,4,189,2024-04-27
94,10,590,2024-04-29
94,1,445,2024-05-02
94,7,174,2024-05-03
94,4,142,2024-04-30
94,8,593,2024-05-05
94,3,94,2024-04-27
94,10,14,2024-06-05
94,5,473,2024-05-29
94,6,108,2024-05-21
94,7,154,2024-05-16
94,6,488,2024-05-22
94,2,343,2024-05-19
94,1,301,2024-05-26
94,1,71,2024-05-23
94,5,209,2024-06-09
94,1,442,2024-06-04
94,3,329,2024-05-16
94,10,295,2024-06-05
94,8,31,2024-05-13
94,8,527,2024-06-01
94,6,267,2024-06-09
94,3,368,2024-05-16
94,8,471,2024-05-20
94,7,3,2024-07-06
94,3,85,2024-07-08
94,5,201,2024-06-23
94,9,565,2024-06-22
94,5,294,2024-06-23
94,8,494,2024-06-21
94,6,105,2024-06-27
94,4,474,2024-07-09
94,10,12,2024-06-28
94,9,195,2024-06-20
94,2,136,2024-06-30
94,2,436,2024-06-17
94,2,483,2024-07-14
94,7,114,2024-08-02
94,5,367,2024-07-26
94,8,24,2024-07-31
94,10,104,2024-08-07
94,9,294,2024-07-17
94,7,86,2024-08-01
94,9,173,2024-07-17
94,1,557,2024-07-14
94,7,166,2024-07-16
94,5,247,2024-07-19
94,6,585,2024-08-02
94,6,243,2024-07-24
94,1,410,2024-07-26
94,9,15,2024-07-29
94,10,25,2024-07-13
94,3,333,2024-07-24
94,7,34,2024-08-05
94,7,151,2024-07-27
94,10,27,2024-07-12
94,5,388,2024-08-09
94,3,250,2024-07-24
94,8,215,2024-07-19
94,3,490,2024-07-11
94,9,380,2024-07-22
94,1,144,2024-08-09
94,8,302,2024-07-20
94,9,179,2024-09-01
94,3,459,2024-09-09
94,5,331,2024-08-24
94,7,187,2024-09-05
94,4,468,2024-09-02
94,5,523,2024-08-25
94,10,111,2024-09-07
94,2,473,2024-09-02
94,4,252,2024-08-22
94,2,340,2024-08-26
94,5,322,2024-08-27
94,4,43,2024-08-23
94,6,9,2024-08-31
94,2,224,2024-08-24
94,2,84,2024-08-21
94,2,388,2024-09-06
94,6,135,2024-09-01
94,4,227,2024-08-14
94,5,20,2024-08-13
94,1,443,2024-08-31
94,6,508,2024-08-26
94,4,29,2024-08-17
94,9,142,2024-08-16
94,9,341,2024-08-31
94,5,449,2024-08-20
94,10,291,2024-09-03
94,9,450,2024-08-22
94,4,144,2024-09-03
94,5,577,2024-08-26
94,6,203,2024-08-11
94,4,593,2024-09-02
94,3,110,2024-08-18
94,9,503,2024-09-01
94,10,91,2024-08-16
94,9,37,2024-08-15
94,2,316,2024-08-22
94,6,262,2024-08-14
94,7,143,2024-09-04
94,1,259,2024-08-20
94,9,446,2024-08-31
94,6,393,2024-09-03
94,3,109,2024-08-22
94,5,103,2024-08-12
94,1,160,2024-08-30
94,3,324,2024-08-27
94,2,465,2024-08-29
94,4,93,2024-08-27
94,6,194,2024-08-20
94,5,232,2024-09-07
94,4,5,2024-09-04
94,2,140,2024-09-07
94,2,262,2024-09-01
94,3,12,2024-09-04
94,1,588,2024-08-13
94,8,8,2024-08-26
94,4,376,2024-09-06
94,10,456,2024-08-11
94,3,148,2024-08-13
94,6,37,2024-08-31
94,10,232,2024-08-13
94,2,17,2024-08-26
94,10,278,2024-09-08
94,4,320,2024-08-13
94,2,324,2024-08-27
94,6,395,2024-08-15
94,10,466,2024-09-04
95,2,53,2024-03-22
95,5,552,2024-04-06
95,5,56,2024-03-28
95,8,255,2024-03-18
95,5,52,2024-03-30
95,9,98,2024-03-14
95,6,577,2024-03-20
95,7,111,2024-03-19
95,4,442,2024-04-08
95,10,333,2024-03-28
95,3,369,2024-03-26
95,2,178,2024-04-11
95,5,196,2024-03-15
95,9,8,2024-03-21
95,2,261,2024-04-01
95,10,438,2024-04-11
95,4,232,2024-03-18
95,3,507,2024-03-27
95,8,336,2024-04-12
95,6,517,2024-03-14
95,3,567,2024-04-01
95,1,88,2024-04-05
95,5,476,2024-03-23
95,5,295,2024-03-29
95,3,283,2024-03-25
95,4,87,2024-04-04
95,4,496,2024-03-24
95,2,64,2024-04-05
95,7,85,2024-04-07
95,3,505,2024-03-18
95,2,377,2024-04-12
95,1,400,2024-03-28
95,7,3,2024-04-06
95,7,59,2024-03-26
95,7,65,2024-03-14
95,2,402,2024-04-09
95,5,64,2024-04-07
95,7,30,2024-03-31
95,5,392,2024-03-22
95,8,142,2024-03-26
95,2,580,2024-03-31
95,6,532,2024-03-28
95,7,98,2024-03-22
95,1,499,2024-05-03
95,3,118,2024-05-12
95,6,157,2024-04-24
95,7,30,2024-05-08
95,10,313,2024-05-06
95,1,371,2024-04-18
95,10,28,2024-05-10
95,6,230,2024-04-18
95,6,473,2024-04-26
95,1,33,2024-05-08
95,8,375,2024-04-23
95,6,393,2024-05-01
95,4,290,2024-05-13
95,6,209,2024-04-20
95,7,23,2024-05-13
95,4,309,2024-04-15
95,5,76,2024-04-23
95,9,378,2024-04-30
95,2,112,2024-04-23
95,8,317,2024-05-04
95,9,342,2024-04-26
95,8,332,2024-05-22
95,6,320,2024-06-07
95,10,156,2024-06-11
95,4,533,2024-06-04
95,6,154,2024-05-31
95,4,492,2024-05-22
95,7,169,2024-05-19
95,7,188,2024-05-29
95,4,255,2024-06-01
95,8,307,2024-05-16
95,9,30,2024-05-16
95,6,254,2024-06-02
95,2,432,2024-06-10
95,3,191,2024-05-29
95,10,517,2024-05-26
95,1,339,2024-06-11
95,2,473,2024-05-29
95,1,220,2024-05-20
95,1,517,2024-05-14
95,3,24,2024-06-11
95,4,556,2024-05-14
95,1,382,2024-06-06
95,4,543,2024-06-02
95,10,11,2024-05-31
95,2,156,2024-05-19
95,8,332,2024-05-31
95,10,519,2024-05-17
95,1,241,2024-05-17
95,5,293,2024-05-14
95,3,566,2024-06-08
95,7,31,2024-05-14
95,8,349,2024-06-07
95,6,47,2024-05-30
95,2,3,2024-05-31
95,10,327,2024-06-10
95,1,153,2024-05-31
95,4,488,2024-05-24
95,3,89,2024-05-20
95,10,428,2024-05-25
95,3,339,2024-05-28
95,5,533,2024-06-08
95,5,540,2024-05-26
95,9,155,2024-06-09
95,7,40,2024-05-22
95,6,330,2024-06-06
95,2,328,2024-05-31
95,3,503,2024-06-09
95,9,377,2024-05-20
95,2,501,2024-06-03
95,9,562,2024-05-14
95,4,516,2024-05-30
95,10,162,2024-06-09
95,9,575,2024-06-11
95,7,111,2024-05-14
95,9,304,2024-05-22
95,2,394,2024-06-07
95,2,365,2024-05-15
95,8,259,2024-06-12
95,3,223,2024-05-23
95,6,439,2024-06-04
95,9,136,2024-06-09
95,6,399,2024-05-27
95,4,70,2024-06-04
95,10,403,2024-05-21
95,5,27,2024-05-23
95,4,558,2024-05-27
95,2,126,2024-06-08
95,1,285,2024-06-05
95,10,27,2024-05-16
95,3,250,2024-06-10
95,3,370,2024-05-19
95,10,131,2024-05-14
95,9,544,2024-07-05
95,6,58,2024-07-08
95,2,394,2024-07-08
95,3,506,2024-06-28
95,7,154,2024-06-26
95,7,162,2024-07-05
95,4,23,2024-06-29
95,7,111,2024-07-03
95,3,41,2024-06-17
95,6,407,2024-06-23
95,3,341,2024-07-11
95,1,261,2024-07-06
95,9,473,2024-06-26
95,6,2,2024-06-30
95,8,12,2024-06-25
95,6,7,2024-07-05
95,10,157,2024-06-27
95,7,73,2024-06-27
95,5,281,2024-07-04
95,2,223,2024-07-02
95,1,134,2024-06-25
95,6,495,2024-06-16
95,7,47,2024-06-14
95,5,387,2024-06-18
95,4,502,2024-07-11
95,9,352,2024-07-01
95,10,578,2024-07-03
95,9,276,2024-06-20
95,5,413,2024-07-01
95,8,378,2024-06-23
95,2,355,2024-07-09
95,7,5,2024-06-29
95,10,523,2024-07-02
95,2,171,2024-07-05
95,10,33,2024-07-07
95,5,46,2024-07-01
95,7,133,2024-06-21
95,5,367,2024-07-08
95,5,269,2024-07-02
95,2,421,2024-07-09
95,10,69,2024-06-19
95,2,325,2024-06-28
95,1,179,2024-06-16
95,3,584,2024-06-28
95,1,166,2024-07-05
95,1,173,2024-06-14
95,3,70,2024-07-03
95,5,378,2024-07-13
95,3,94,2024-06-28
95,6,518,2024-06-19
95,9,430,2024-07-09
95,8,370,2024-07-03
95,6,169,2024-06-24
95,2,543,2024-06-19
95,10,442,2024-07-09
95,7,46,2024-06-27
95,8,89,2024-06-18
95,9,285,2024-06-24
95,7,130,2024-07-07
95,5,189,2024-07-10
95,8,165,2024-06-17
95,10,541,2024-06-29
95,6,169,2024-06-14
95,1,194,2024-06-21
95,7,118,2024-06-17
95,9,479,2024-07-04
95,1,302,2024-07-13
95,2,360,2024-06-24
95,5,466,2024-06-25
95,7,128,2024-07-15
95,1,587,2024-07-18
95,7,32,2024-07-26
95,8,555,2024-07-21
95,10,395,2024-08-10
95,1,39,2024-08-08
95,8,538,2024-07-27
95,4,547,2024-07-15
95,6,406,2024-08-08
95,3,46,2024-07-31
95,8,271,2024-07-25
95,4,167,2024-08-06
95,9,232,2024-08-12
95,4,418,2024-08-08
95,5,87,2024-07-31
95,4,54,2024-08-06
95,10,349,2024-07-19
95,6,436,2024-07-26
95,3,322,2024-07-31
95,10,167,2024-08-09
95,6,463,2024-07-21
95,9,270,2024-08-09
95,8,547,2024-07-31
95,7,78,2024-08-02
95,8,421,2024-07-25
95,2,589,2024-08-04
95,9,585,2024-08-09
95,4,38,2024-08-12
95,10,598,2024-07-18
95,2,359,2024-07-26
95,1,181,2024-08-03
95,8,423,2024-07-23
95,8,82,2024-08-10
95,8,102,2024-08-06
95,9,345,2024-08-09
95,6,440,2024-07-31
95,8,163,2024-08-12
95,1,55,2024-07-14
95,1,196,2024-08-11
95,4,286,2024-07-23
95,6,140,2024-07-16
95,10,342,2024-08-11
95,7,11,2024-07-29
95,1,336,2024-07-27
95,6,170,2024-07-30
95,7,42,2024-08-03
95,10,430,2024-08-02
95,1,207,2024-07-20
95,2,580,2024-08-02
95,8,210,2024-07-24
95,5,218,2024-07-21
95,6,180,2024-07-18
95,2,359,2024-08-01
95,4,599,2024-07-27
95,3,154,2024-08-08
95,2,97,2024-07-25
95,10,599,2024-07-19
95,10,429,2024-08-12
95,6,301,2024-07-28
95,8,45,2024-07-26
95,4,564,2024-07-25
95,3,318,2024-08-08
95,3,591,2024-07-30
95,6,344,2024-08-01
95,4,437,2024-08-05
95,6,519,2024-07-29
95,8,350,2024-07-25
95,1,246,2024-08-09
95,9,71,2024-07-18
95,10,475,2024-07-23
95,9,583,2024-08-07
95,2,75,2024-07-23
95,6,479,2024-07-22
95,3,472,2024-07-27
95,5,528,2024-08-05
95,3,55,2024-07-31
95,7,49,2024-07-19
95,10,388,2024-07-24
95,1,572,2024-07-19
95,4,211,2024-08-02
95,6,597,2024-07-31
95,2,499,2024-08-09
95,6,300,2024-08-12
95,1,247,2024-08-06
95,7,43,2024-08-01
95,6,223,2024-08-12
95,4,565,2024-08-01
95,5,486,2024-07-21
95,9,138,2024-08-23
95,10,292,2024-08-31
95,9,211,2024-08-24
95,7,132,2024-08-25
95,1,124,2024-08-17
95,6,456,2024-09-08
95,2,521,2024-08-23
95,3,498,2024-08-21
95,10,566,2024-08-24
95,1,443,2024-09-07
95,7,187,2024-08-16
95,7,166,2024-08-16
95,8,577,2024-08-18
95,8,371,2024-09-09
95,10,555,2024-09-10
95,6,26,2024-08-24
95,2,130,2024-09-03
95,3,410,2024-08-25
95,9,233,2024-09-05
95,10,9,2024-09-05
95,2,522,2024-08-30
95,10,590,2024-08-17
95,10,118,2024-09-12
95,2,169,2024-08-19
95,6,208,2024-09-11
95,5,239,2024-09-01
95,3,48,2024-09-03
95,4,293,2024-09-12
95,9,517,2024-08-17
95,4,529,2024-09-08
95,4,108,2024-09-12
95,4,20,2024-08-20
95,1,7,2024-09-12
95,2,268,2024-08-24
95,8,513,2024-09-08
95,3,264,2024-09-08
95,8,587,2024-09-11
95,5,261,2024-08-21
95,10,341,2024-08-22
95,1,357,2024-09-01
95,3,435,2024-09-05
95,8,348,2024-09-06
95,8,513,2024-08-27
95,7,18,2024-09-09
95,10,533,2024-09-10
95,1,14,2024-09-02
95,4,457,2024-08-26
95,10,497,2024-09-06
95,4,580,2024-08-18
95,2,49,2024-09-03
95,7,138,2024-08-22
95,2,584,2024-09-05
95,2,263,2024-08-28
95,3,146,2024-08-19
95,10,509,2024-08-19
95,4,417,2024-09-03
95,1,107,2024-09-12
95,8,258,2024-09-07
95,9,531,2024-08-19
95,9,4,2024-08-16
95,2,362,2024-08-23
95,1,539,2024-08-29
95,10,44,2024-09-02
95,4,153,2024-08-23
95,1,464,2024-08-24
95,4,227,2024-09-07
95,5,15,2024-09-07
95,10,64,2024-08-19
95,9,224,2024-08-14
95,4,542,2024-09-08
95,10,54,2024-09-08
95,1,570,2024-09-03
95,3,403,2024-08-17
95,9,593,2024-09-08
95,6,79,2024-08-30
96,8,436,2024-04-28
96,7,127,2024-05-03
96,6,411,2024-05-16
96,10,311,2024-05-03
96,10,426,2024-05-22
96,3,323,2024-05-17
96,6,266,2024-05-03
96,6,524,2024-05-11
96,1,254,2024-05-24
96,9,72,2024-05-23
96,5,253,2024-05-01
96,6,299,2024-05-27
96,5,157,2024-05-19
96,10,35,2024-05-20
96,8,165,2024-05-25
96,4,314,2024-05-18
96,10,475,2024-05-05
96,5,349,2024-05-25
96,1,439,2024-05-02
96,4,371,2024-05-25
96,2,517,2024-06-14
96,7,6,2024-06-25
96,10,303,2024-06-19
96,9,498,2024-06-21
96,7,80,2024-06-22
96,3,427,2024-06-28
96,9,488,2024-07-19
96,6,492,2024-07-17
96,2,180,2024-07-27
96,2,415,2024-07-06
96,9,249,2024-08-04
96,1,133,2024-08-12
96,10,461,2024-08-25
96,4,407,2024-08-09
96,8,382,2024-08-22
96,8,402,2024-08-15
96,10,106,2024-08-19
96,4,550,2024-08-04
96,8,167,2024-08-25
96,2,211,2024-07-31
96,5,490,2024-09-20
96,7,144,2024-09-26
96,1,475,2024-08-28
96,5,576,2024-09-14
96,9,172,2024-09-21
96,10,226,2024-09-11
96,4,54,2024-08-31
96,9,489,2024-09-09
96,10,430,2024-09-21
96,3,500,2024-09-12
96,9,206,2024-09-18
96,9,408,2024-09-19
96,5,271,2024-09-21
96,4,127,2024-09-10
96,4,487,2024-08-31
96,1,19,2024-09-05
96,8,58,2024-09-03
96,3,102,2024-10-09
96,4,580,2024-09-29
96,7,134,2024-10-15
96,5,68,2024-10-08
96,9,98,2024-10-06
96,8,490,2024-10-08
96,3,587,2024-10-14
96,3,228,2024-09-29
96,8,238,2024-10-26
96,3,254,2024-10-17
96,6,314,2024-10-10
96,6,50,2024-10-19
97,4,579,2024-02-18
97,9,430,2024-02-18
97,8,56,2024-02-18
97,6,508,2024-03-07
97,8,90,2024-03-15
97,10,135,2024-04-17
97,8,2,2024-04-29
97,2,324,2024-07-06
98,9,525,2024-04-30
98,8,24,2024-05-01
98,5,50,2024-05-02
98,7,26,2024-04-21
98,10,11,2024-04-10
98,6,11,2024-04-18
98,4,167,2024-04-19
98,7,45,2024-04-12
98,10,359,2024-04-12
98,3,444,2024-04-06
98,4,425,2024-04-08
98,10,441,2024-04-30
98,4,588,2024-04-12
98,9,64,2024-04-28
98,3,541,2024-04-21
98,6,216,2024-04-03
98,4,566,2024-04-16
98,2,13,2024-05-02
98,1,396,2024-04-19
98,7,14,2024-04-12
98,3,432,2024-04-27
98,8,65,2024-04-19
98,6,28,2024-04-03
98,8,237,2024-05-02
98,6,85,2024-04-15
98,6,388,2024-04-03
98,7,10,2024-04-27
98,4,205,2024-04-06
98,9,388,2024-04-28
98,4,171,2024-04-26
98,5,104,2024-05-02
98,10,388,2024-04-22
98,1,404,2024-04-30
98,8,453,2024-04-24
98,4,94,2024-04-23
98,10,200,2024-04-14
98,9,282,2024-04-06
98,1,539,2024-04-23
98,4,575,2024-04-24
98,6,429,2024-04-28
98,6,419,2024-04-16
98,7,131,2024-04-08
98,10,368,2024-04-03
98,8,551,2024-04-30
98,9,239,2024-04-16
98,3,220,2024-04-26
98,2,586,2024-04-09
98,10,574,2024-04-03
98,6,65,2024-04-15
98,4,183,2024-04-04
98,3,208,2024-04-24
98,9,438,2024-04-14
98,7,180,2024-04-24
98,10,404,2024-05-25
98,6,327,2024-05-24
98,2,78,2024-05-25
98,8,71,2024-05-06
98,4,380,2024-05-07
98,9,450,2024-05-07
98,3,234,2024-05-10
98,10,330,2024-05-31
98,2,53,2024-05-14
98,4,413,2024-05-16
98,5,368,2024-05-29
98,4,541,2024-05-05
98,1,414,2024-05-06
98,9,240,2024-05-25
98,3,472,2024-05-08
98,1,181,2024-06-01
98,8,187,2024-05-18
98,3,324,2024-05-09
98,6,319,2024-05-16
98,7,173,2024-05-11
98,9,562,2024-05-05
98,4,159,2024-05-07
98,6,539,2024-05-26
98,2,256,2024-05-24
98,9,17,2024-05-18
98,8,212,2024-05-26
98,4,181,2024-05-07
98,2,187,2024-05-06
98,3,468,2024-05-11
98,6,175,2024-05-07
98,9,269,2024-05-28
98,6,224,2024-05-30
98,8,124,2024-05-08
98,10,500,2024-05-12
98,7,88,2024-05-20
98,6,72,2024-05-22
98,4,562,2024-05-15
98,6,156,2024-05-10
98,3,85,2024-05-07
98,1,373,2024-05-25
98,5,592,2024-05-30
98,8,317,2024-05-06
98,7,113,2024-05-30
98,8,336,2024-05-16
98,4,120,2024-06-03
98,5,201,2024-06-09
98,3,400,2024-06-06
98,10,494,2024-06-24
98,4,283,2024-06-04
98,10,531,2024-06-17
98,7,47,2024-06-19
98,8,337,2024-06-30
98,2,177,2024-06-06
98,2,177,2024-06-19
98,2,310,2024-06-04
98,2,480,2024-06-23
98,8,14,2024-06-30
98,8,590,2024-06-25
98,9,524,2024-06-26
98,9,445,2024-06-10
98,4,263,2024-06-17
98,4,471,2024-07-08
98,3,58,2024-07-24
98,8,290,2024-07-30
98,3,24,2024-07-22
98,4,239,2024-07-29
98,10,300,2024-07-31
98,1,375,2024-07-16
98,4,310,2024-07-26
98,4,340,2024-08-27
98,5,201,2024-08-29
98,9,548,2024-08-04
98,2,521,2024-08-21
98,5,533,2024-08-20
98,2,538,2024-08-14
98,2,430,2024-09-29
98,7,177,2024-09-17
98,1,578,2024-09-29
98,4,571,2024-10-02
98,7,154,2024-10-02
98,2,214,2024-09-29
98,7,117,2024-10-01
99,1,448,2024-02-11
99,8,574,2024-02-14
99,8,461,2024-02-27
99,1,83,2024-03-04
99,6,85,2024-03-04
99,5,444,2024-02-13
99,6,370,2024-02-15
99,8,476,2024-02-28
99,7,110,2024-02-12
99,3,19,2024-02-22
99,1,131,2024-02-11
99,10,124,2024-02-21
99,8,273,2024-02-07
99,4,301,2024-02-05
99,2,203,2024-02-25
99,6,112,2024-02-25
99,3,183,2024-03-03
99,1,338,2024-02-15
99,9,222,2024-02-24
99,8,409,2024-02-11
99,1,118,2024-02-18
99,8,319,2024-02-17
99,8,78,2024-02-29
99,9,576,2024-02-08
99,6,83,2024-02-05
99,6,347,2024-02-26
99,1,451,2024-02-21
99,2,288,2024-02-26
99,7,186,2024-02-25
99,6,166,2024-02-25
99,7,64,2024-02-17
99,4,289,2024-02-06
99,6,126,2024-03-04
99,10,573,2024-02-15
99,2,301,2024-02-25
99,4,276,2024-02-11
99,8,455,2024-02-06
99,1,277,2024-03-04
99,7,113,2024-03-02
99,7,51,2024-03-24
99,8,46,2024-03-06
99,6,570,2024-03-13
99,10,249,2024-03-25
99,3,239,2024-03-26
99,9,48,2024-03-10
99,4,508,2024-03-31
99,5,202,2024-03-18
99,3,577,2024-03-28
99,5,496,2024-03-14
99,9,178,2024-03-05
99,10,39,2024-03-14
99,9,350,2024-03-09
99,4,380,2024-03-17
99,8,208,2024-03-05
99,1,591,2024-03-28
99,2,262,2024-03-06
99,5,371,2024-03-11
99,9,98,2024-03-11
99,8,46,2024-03-30
99,8,375,2024-04-03
99,4,489,2024-03-16
99,10,309,2024-03-27
99,7,121,2024-03-16
99,7,72,2024-03-11
99,4,124,2024-03-22
99,3,583,2024-04-03
99,9,445,2024-04-03
99,2,564,2024-03-20
99,7,124,2024-03-09
99,7,103,2024-03-25
99,9,173,2024-04-02
99,1,49,2024-03-19
99,2,155,2024-03-16
99,7,17,2024-03-16
99,7,125,2024-03-28
99,7,93,2024-04-01
99,5,215,2024-03-14
99,2,281,2024-03-06
99,2,479,2024-03-12
99,6,64,2024-04-01
99,9,6,2024-03-25
99,1,168,2024-03-07
99,2,119,2024-03-15
99,2,174,2024-03-05
99,2,193,2024-04-18
99,4,182,2024-04-20
99,4,566,2024-04-10
99,9,144,2024-04-24
99,6,250,2024-04-05
99,7,151,2024-04-15
99,1,168,2024-04-18
99,5,173,2024-04-19
99,9,243,2024-04-21
99,3,254,2024-04-22
99,2,475,2024-04-08
99,2,56,2024-04-09
99,1,566,2024-05-02
99,7,96,2024-05-03
99,1,329,2024-04-20
99,7,158,2024-05-03
99,4,582,2024-04-10
99,3,8,2024-04-23
99,5,222,2024-04-20
99,3,350,2024-04-27
99,6,22,2024-04-05
99,2,214,2024-04-12
99,5,140,2024-04-22
99,5,320,2024-04-29
99,6,13,2024-04-25
99,10,534,2024-05-03
99,9,266,2024-04-20
99,3,170,2024-04-30
99,5,228,2024-05-01
99,5,203,2024-05-04
99,6,132,2024-04-25
99,7,126,2024-04-28
99,5,242,2024-04-26
99,9,387,2024-04-11
99,8,598,2024-04-16
99,3,145,2024-04-07
99,6,164,2024-04-21
99,6,1,2024-04-16
99,8,579,2024-04-20
99,3,462,2024-04-21
99,3,327,2024-04-30
99,8,368,2024-04-28
99,3,293,2024-04-05
99,9,63,2024-04-28
99,10,530,2024-04-14
99,1,413,2024-04-17
99,4,184,2024-04-20
99,3,592,2024-04-16
99,9,440,2024-04-14
99,5,284,2024-05-03
99,9,264,2024-04-08
99,10,103,2024-04-30
99,8,23,2024-04-09
99,1,476,2024-04-28
99,5,451,2024-04-06
99,3,285,2024-04-29
99,2,590,2024-04-30
99,1,112,2024-04-19
99,2,349,2024-04-06
99,5,461,2024-04-16
99,10,482,2024-04-26
99,5,586,2024-04-16
99,1,54,2024-04-23
99,8,57,2024-04-12
99,5,214,2024-05-02
99,1,309,2024-04-30
99,10,343,2024-04-21
99,10,589,2024-04-27
99,4,315,2024-04-19
99,10,471,2024-04-10
99,3,331,2024-04-06
99,10,191,2024-05-02
99,2,1,2024-04-15
99,5,90,2024-04-10
99,3,116,2024-04-13
99,3,69,2024-04-27
99,7,150,2024-04-13
99,7,171,2024-04-08
99,10,297,2024-04-10
99,1,137,2024-05-01
99,7,6,2024-04-10
99,4,363,2024-04-07
99,8,18,2024-04-20
99,5,560,2024-05-03
99,9,332,2024-04-18
99,9,199,2024-04-18
99,4,10,2024-04-15
99,7,147,2024-04-23
99,5,445,2024-04-10
99,8,229,2024-05-02
99,10,319,2024-04-06
99,4,255,2024-04-29
99,2,335,2024-04-24
99,10,21,2024-05-04
99,8,472,2024-04-06
99,6,470,2024-05-03
99,5,386,2024-04-18
99,2,446,2024-04-27
99,9,99,2024-04-19
99,7,3,2024-04-16
99,6,435,2024-04-21
99,6,219,2024-04-23
99,1,496,2024-04-25
99,8,148,2024-04-19
99,8,419,2024-04-20
99,3,417,2024-04-12
99,8,553,2024-04-26
99,1,250,2024-05-24
99,7,142,2024-05-14
99,4,273,2024-05-12
99,10,25,2024-05-30
99,9,572,2024-06-01
99,4,447,2024-05-20
99,9,594,2024-05-14
99,3,178,2024-06-03
99,1,310,2024-05-08
99,7,135,2024-06-03
99,10,65,2024-06-01
99,9,40,2024-05-30
99,1,159,2024-06-02
99,8,581,2024-05-05
99,4,327,2024-05-18
99,5,475,2024-05-07
99,4,424,2024-06-01
99,2,507,2024-05-10
99,7,103,2024-05-17
99,1,232,2024-05-29
99,7,173,2024-05-28
99,4,476,2024-05-28
99,3,317,2024-05-21
99,8,527,2024-05-15
99,6,89,2024-05-07
99,8,521,2024-06-01
99,7,188,2024-05-15
99,10,515,2024-05-23
99,2,401,2024-06-02
99,2,437,2024-05-20
99,1,452,2024-05-15
99,10,58,2024-05-21
99,10,408,2024-05-16
99,5,400,2024-05-08
99,3,521,2024-05-10
99,1,152,2024-05-14
99,2,27,2024-05-27
99,9,529,2024-06-14
99,6,304,2024-06-21
99,4,263,2024-06-08
99,9,382,2024-06-14
99,5,409,2024-06-21
99,4,388,2024-06-16
99,4,8,2024-06-22
99,5,450,2024-07-02
99,6,73,2024-07-02
99,9,302,2024-06-05
99,4,234,2024-06-06
99,6,543,2024-06-23
99,9,51,2024-06-23
99,9,387,2024-06-10
99,6,173,2024-06-17
99,7,41,2024-06-29
99,9,129,2024-06-26
99,6,269,2024-06-12
99,5,215,2024-06-13
99,1,541,2024-07-03
99,4,183,2024-06-15
99,4,548,2024-07-03
99,4,438,2024-06-25
99,2,379,2024-06-26
99,10,329,2024-06-05
99,7,97,2024-06-07
99,7,94,2024-06-26
99,1,15,2024-06-29
99,4,400,2024-06-24
99,7,65,2024-06-19
99,4,367,2024-06-23
99,6,486,2024-06-05
99,2,589,2024-06-16
99,2,92,2024-06-14
99,4,121,2024-06-15
99,2,475,2024-06-16
99,1,380,2024-06-28
99,3,289,2024-06-05
99,6,371,2024-06-28
99,4,205,2024-06-30
99,9,222,2024-06-12
99,4,218,2024-06-28
99,7,117,2024-06-11
99,7,142,2024-07-03
99,10,311,2024-06-23
99,8,216,2024-06-29
99,4,186,2024-06-23
99,9,96,2024-06-10
99,3,149,2024-06-06
99,4,402,2024-06-26
99,3,358,2024-06-16
99,5,36,2024-07-03
99,4,450,2024-06-16
99,10,541,2024-06-20
99,4,171,2024-06-14
99,10,504,2024-06-10
99,10,277,2024-06-08
99,10,425,2024-06-14
99,5,496,2024-06-15
99,6,191,2024-06-11
99,1,297,2024-07-02
99,8,379,2024-06-20
99,5,259,2024-06-09
99,5,121,2024-06-27
99,5,110,2024-07-15
99,2,264,2024-07-16
99,3,450,2024-07-13
99,6,137,2024-07-18
99,8,412,2024-07-29
99,5,576,2024-07-10
99,7,37,2024-07-05
99,9,90,2024-07-27
99,9,75,2024-08-03
99,3,312,2024-07-25
99,5,483,2024-08-01
99,6,426,2024-07-23
99,2,535,2024-07-30
99,3,285,2024-07-24
99,10,504,2024-07-18
99,1,447,2024-07-20
99,9,62,2024-07-10
99,2,336,2024-07-23
99,5,347,2024-07-16
99,6,377,2024-07-06
99,5,427,2024-07-16
99,7,148,2024-07-23
99,8,146,2024-07-09
99,10,111,2024-07-09
99,1,55,2024-07-08
99,10,524,2024-07-22
99,8,544,2024-07-24
99,1,187,2024-07-27
99,3,99,2024-07-11
99,2,199,2024-07-26
99,10,96,2024-07-06
99,7,66,2024-07-11
99,8,328,2024-07-20
99,5,295,2024-07-15
99,8,548,2024-07-22
99,7,77,2024-07-21
99,2,426,2024-07-11
99,10,129,2024-07-11
99,5,363,2024-07-06
99,7,9,2024-07-13
99,10,242,2024-07-05
99,8,468,2024-08-01
99,4,442,2024-07-26
99,4,45,2024-07-07
99,3,203,2024-07-15
99,5,539,2024-07-06
99,6,360,2024-07-28
99,4,205,2024-07-27
99,1,366,2024-08-02
99,1,417,2024-07-07
99,6,312,2024-07-19
99,5,260,2024-07-18
99,4,192,2024-07-11
99,6,24,2024-07-19
99,6,394,2024-07-11
99,10,110,2024-07-30
99,5,563,2024-08-01
99,8,307,2024-08-03
99,1,179,2024-08-01
99,4,444,2024-07-11
99,1,36,2024-07-18
99,9,30,2024-07-07
99,5,65,2024-07-15
99,3,453,2024-07-26
99,8,529,2024-07-23
99,1,37,2024-07-28
99,4,381,2024-07-31
99,9,246,2024-07-10
99,5,346,2024-07-25
99,7,119,2024-07-05
99,1,122,2024-07-10
99,3,528,2024-07-17
99,9,139,2024-07-27
99,2,252,2024-08-03
99,3,360,2024-07-17
99,1,591,2024-07-25
99,10,425,2024-07-27
99,5,111,2024-07-07
99,3,39,2024-07-11
99,7,98,2024-07-06
99,5,68,2024-07-11
99,3,137,2024-08-02
99,4,381,2024-07-16
99,7,28,2024-07-20
99,1,458,2024-07-15
99,7,82,2024-07-23
99,1,403,2024-07-26
99,7,67,2024-07-06
99,9,425,2024-07-11
99,5,436,2024-07-19
99,4,481,2024-07-24
99,7,190,2024-07-09
99,9,139,2024-07-23
99,6,468,2024-07-31
99,2,508,2024-07-29
99,4,326,2024-07-08
99,1,399,2024-07-22
99,6,376,2024-07-29
99,4,150,2024-07-23
99,9,104,2024-08-01
99,1,221,2024-07-06
99,10,64,2024-08-03
99,9,131,2024-08-03
99,3,10,2024-07-29
99,3,127,2024-07-30
99,5,518,2024-07-23
99,10,514,2024-07-26
99,2,419,2024-07-06
99,8,299,2024-07-13
99,8,117,2024-07-12
99,5,519,2024-07-25
99,5,173,2024-07-24
99,5,179,2024-07-08
99,8,342,2024-07-28
99,2,557,2024-07-20
99,9,208,2024-07-11
99,5,167,2024-07-22
99,4,247,2024-07-06
99,8,414,2024-07-14
99,10,181,2024-07-12
99,1,166,2024-07-22
99,1,300,2024-07-19
99,7,124,2024-07-18
99,4,90,2024-07-15
99,6,362,2024-08-02
99,6,204,2024-07-23
99,6,457,2024-07-26
99,1,438,2024-07-12
99,7,110,2024-07-12
99,8,511,2024-07-13
99,3,358,2024-07-22
99,5,171,2024-07-09
99,9,376,2024-07-29
99,9,219,2024-07-28
99,8,486,2024-08-03
100,10,157,2024-03-08
100,1,208,2024-03-19
100,6,447,2024-03-10
100,6,473,2024-03-15
100,2,486,2024-03-19
100,10,247,2024-03-15
100,6,73,2024-02-27
100,2,152,2024-03-20
100,3,431,2024-03-02
100,5,30,2024-03-10
100,4,569,2024-03-10
100,8,568,2024-03-18
100,9,237,2024-03-15
100,5,540,2024-03-07
100,7,185,2024-02-27
100,3,169,2024-03-03
100,1,494,2024-02-23
100,10,427,2024-03-21
100,4,98,2024-03-16
100,2,447,2024-03-16
100,8,476,2024-03-04
100,8,297,2024-03-19
100,10,336,2024-03-03
100,6,20,2024-03-17
100,4,244,2024-03-04
100,8,262,2024-03-21
100,8,446,2024-03-07
100,3,22,2024-02-23
100,5,134,2024-03-11
100,8,539,2024-03-14
100,3,443,2024-03-17
100,5,281,2024-03-05
100,7,109,2024-03-17
100,5,565,2024-02-27
100,2,371,2024-03-01
100,6,25,2024-02-29
100,6,94,2024-02-26
100,7,80,2024-02-26
100,7,85,2024-02-24
100,7,72,2024-03-03
100,2,21,2024-02-23
100,6,572,2024-03-05
100,8,594,2024-03-10
100,9,210,2024-03-17
100,5,146,2024-02-27
100,9,310,2024-02-25
100,8,430,2024-02-23
100,9,585,2024-03-13
100,8,446,2024-03-07
100,3,154,2024-03-01
100,9,25,2024-03-13
100,10,119,2024-03-04
100,10,180,2024-03-10
100,3,168,2024-03-14
100,6,190,2024-03-12
100,5,190,2024-03-16
100,10,299,2024-03-16
100,8,193,2024-03-11
100,2,339,2024-03-16
100,7,135,2024-02-23
100,2,392,2024-03-18
100,10,93,2024-03-16
100,1,335,2024-03-08
100,4,106,2024-03-01
100,5,177,2024-02-29
100,6,265,2024-03-13
100,4,520,2024-03-07
100,4,163,2024-03-16
100,5,53,2024-03-02
100,6,518,2024-03-16
100,4,516,2024-03-18
100,7,186,2024-03-15
100,1,294,2024-03-21
100,4,264,2024-03-02
100,3,115,2024-04-18
100,2,230,2024-04-16
100,2,388,2024-03-27
100,5,462,2024-03-23
100,6,46,2024-04-12
100,6,240,2024-04-21
100,4,166,2024-03-31
100,1,511,2024-04-13
100,1,390,2024-04-07
100,7,157,2024-04-18
100,5,447,2024-04-10
100,1,379,2024-04-21
100,10,244,2024-04-14
100,4,503,2024-04-21
100,1,65,2024-03-24
100,5,571,2024-04-05
100,10,418,2024-03-23
100,9,269,2024-04-14
100,8,190,2024-04-13
100,9,312,2024-04-11
100,5,94,2024-03-28
100,3,411,2024-04-11
100,1,168,2024-04-05
100,10,564,2024-04-01
100,8,43,2024-04-07
100,10,515,2024-04-06
100,7,19,2024-04-06
100,6,404,2024-04-13
100,7,56,2024-04-05
100,6,132,2024-03-31
100,7,153,2024-04-06
100,3,305,2024-04-18
100,8,190,2024-04-07
100,7,174,2024-04-02
100,8,34,2024-04-14
100,10,495,2024-03-23
100,2,115,2024-04-13
100,1,559,2024-04-15
100,2,360,2024-04-20
100,5,206,2024-03-30
100,6,360,2024-04-10
100,5,330,2024-03-29
100,9,358,2024-04-01
100,1,587,2024-03-30
100,6,273,2024-03-26
100,6,458,2024-04-08
100,10,197,2024-04-10
100,7,24,2024-04-10
100,10,147,2024-04-21
100,3,30,2024-04-02
100,6,390,2024-04-06
100,3,406,2024-04-16
100,8,347,2024-04-20
100,1,234,2024-04-27
100,5,22,2024-05-06
100,6,14,2024-05-04
100,4,30,2024-05-14
100,1,530,2024-05-06
100,7,157,2024-05-17
100,9,254,2024-05-07
100,9,379,2024-04-29
100,7,113,2024-05-03
100,6,256,2024-05-07
100,5,320,2024-04-30
100,8,4,2024-04-23
100,6,506,2024-04-23
100,5,275,2024-04-27
100,6,325,2024-05-09
100,7,79,2024-05-11
100,7,127,2024-05-11
100,6,161,2024-04-28
100,4,100,2024-04-27
100,9,227,2024-05-19
100,4,146,2024-05-17
100,7,129,2024-05-01
100,6,512,2024-05-10
100,1,502,2024-04-29
100,10,415,2024-04-28
100,7,166,2024-04-30
100,2,73,2024-05-17
100,9,585,2024-05-09
100,3,543,2024-05-08
100,1,310,2024-05-11
100,4,438,2024-05-21
100,2,57,2024-05-06
100,6,322,2024-05-15
100,10,266,2024-04-26
100,1,329,2024-05-22
100,10,24,2024-04-27
100,3,196,2024-04-25
100,5,321,2024-06-16
100,10,177,2024-06-10
100,2,243,2024-06-21
100,6,71,2024-06-06
100,5,326,2024-05-25
100,4,416,2024-06-18
100,6,419,2024-06-07
100,7,115,2024-06-06
100,9,436,2024-05-24
100,6,270,2024-05-31
100,10,18,2024-06-06
100,4,485,2024-06-16
100,7,53,2024-05-28
100,9,180,2024-06-21
100,2,400,2024-05-27
100,7,127,2024-06-19
100,4,328,2024-06-12
100,10,98,2024-06-10
100,10,172,2024-06-17
100,5,84,2024-06-16
100,9,290,2024-06-12
100,8,519,2024-05-26
100,3,184,2024-06-04
100,10,341,2024-05-25
100,5,264,2024-05-24
100,8,170,2024-06-13
100,4,46,2024-06-21
100,3,37,2024-06-13
100,1,75,2024-06-17
100,3,402,2024-06-19
100,1,139,2024-06-06
100,8,108,2024-06-20
100,1,510,2024-06-15
100,5,388,2024-06-15
100,8,560,2024-06-07
100,3,365,2024-05-23
100,4,21,2024-05-28
100,5,197,2024-06-12
100,9,330,2024-06-17
100,3,160,2024-06-09
100,10,354,2024-06-07
100,8,517,2024-06-12
100,6,352,2024-05-31
100,7,133,2024-05-27
100,10,169,2024-05-31
100,2,391,2024-06-17
100,1,98,2024-06-17
100,9,340,2024-06-10
100,4,210,2024-05-27
100,9,54,2024-06-09
100,6,441,2024-06-05
100,4,241,2024-06-09
100,5,23,2024-06-15
100,3,594,2024-05-26
100,4,175,2024-05-28
100,10,454,2024-05-25
100,9,427,2024-05-27
100,2,499,2024-05-30
100,3,175,2024-05-26
100,4,434,2024-06-15
100,3,532,2024-06-13
100,9,446,2024-06-03
100,4,357,2024-06-16
100,1,59,2024-05-26
100,5,167,2024-05-29
100,7,177,2024-06-16
100,6,47,2024-07-09
100,5,230,2024-07-19
100,5,316,2024-07-18
100,8,78,2024-07-22
100,10,416,2024-06-23
100,8,29,2024-07-03
100,7,95,2024-07-09
100,9,476,2024-06-26
100,7,163,2024-07-16
100,4,206,2024-07-10
100,2,184,2024-07-22
100,8,128,2024-06-23
100,6,41,2024-07-17
100,2,392,2024-07-16
100,4,21,2024-07-19
100,10,87,2024-06-23
100,9,339,2024-07-03
100,4,23,2024-06-27
100,5,498,2024-06-27
100,2,273,2024-07-18
100,3,107,2024-07-09
100,10,200,2024-07-16
100,8,2,2024-07-17
100,7,149,2024-07-12
100,8,565,2024-06-28
100,4,306,2024-07-20
100,7,60,2024-07-10
100,7,71,2024-06-23
100,10,387,2024-07-05
100,6,539,2024-06-25
100,9,262,2024-06-28
100,8,538,2024-07-03
100,3,16,2024-07-01
100,7,157,2024-06-28
100,1,48,2024-07-12
100,5,412,2024-07-10
100,1,114,2024-06-30
100,10,438,2024-07-02
100,2,504,2024-06-26
100,10,371,2024-06-28
100,3,480,2024-07-21
100,3,204,2024-07-19
100,9,278,2024-07-07
100,8,512,2024-06-26
100,4,392,2024-07-15
100,5,369,2024-07-15
100,9,327,2024-06-27
100,4,369,2024-07-28
100,9,100,2024-08-17
100,4,437,2024-08-07
100,6,99,2024-07-31
100,1,75,2024-08-13
100,6,184,2024-07-27
100,9,249,2024-08-19
100,2,469,2024-08-03
100,7,103,2024-07-31
100,8,474,2024-08-16
100,4,232,2024-07-31
100,10,300,2024-07-24
100,10,161,2024-08-08
100,10,257,2024-07-27
100,6,489,2024-08-13
100,4,358,2024-07-29
100,5,6,2024-08-17
100,8,33,2024-07-30
100,2,514,2024-07-30
100,5,409,2024-08-16
100,8,94,2024-08-16
100,7,176,2024-08-15
100,6,191,2024-07-31
100,2,278,2024-08-10
100,1,52,2024-08-12
100,4,211,2024-08-17
100,6,270,2024-07-23
100,6,282,2024-08-05
100,8,432,2024-07-23
100,7,94,2024-08-01
100,10,476,2024-07-26
100,6,256,2024-07-28
100,5,283,2024-08-01
100,8,204,2024-08-13
100,4,164,2024-08-04
100,9,206,2024-08-03
100,4,301,2024-08-14
100,6,290,2024-08-12
100,3,137,2024-08-01
100,1,522,2024-08-11
100,4,30,2024-07-23
100,2,429,2024-08-08
100,1,499,2024-08-18
100,4,138,2024-07-24
100,1,214,2024-08-09
100,3,570,2024-08-10
100,2,549,2024-07-30
100,6,591,2024-08-16
100,3,361,2024-08-18
100,4,567,2024-08-05
100,7,9,2024-08-01
100,2,103,2024-08-10
100,5,373,2024-08-09
100,1,108,2024-07-28
100,1,73,2024-08-17
100,5,152,2024-07-23
100,4,372,2024-08-19
100,5,32,2024-08-08
100,3,497,2024-08-05
100,3,107,2024-08-09
100,5,202,2024-08-12
100,10,41,2024-08-15
100,3,385,2024-08-12
100,3,105,2024-08-02
100,1,65,2024-07-31
100,3,380,2024-08-01
100,5,171,2024-07-27
100,3,73,2024-08-19
100,7,80,2024-08-19
100,7,14,2024-07-30
100,5,50,2024-08-18
100,9,34,2024-08-17
100,10,371,2024-08-13
100,9,106,2024-07-29
100,3,289,2024-08-13
100,2,220,2024-08-05
100,5,59,2024-07-30
100,2,113,2024-07-29
100,4,257,2024-07-31
100,9,235,2024-08-10
100,6,221,2024-08-06
100,4,230,2024-07-31
100,10,54,2024-08-14
100,6,273,2024-07-28
100,9,227,2024-08-05
100,6,16,2024-08-14
100,7,157,2024-07-31
100,4,318,2024-07-30
100,8,296,2024-07-28
100,10,398,2024-08-05
100,2,429,2024-08-06
100,3,6,2024-08-14
100,4,273,2024-08-11
100,6,360,2024-08-20
100,4,503,2024-08-13
100,3,109,2024-07-29
100,4,87,2024-08-09
100,4,310,2024-08-19
100,7,129,2024-08-08
100,5,305,2024-07-25
100,9,291,2024-08-20
100,9,60,2024-08-15
100,10,89,2024-08-03
100,6,583,2024-08-14
100,4,445,2024-08-04
100,2,306,2024-07-29
100,10,23,2024-08-17
100,7,93,2024-07-30
100,3,285,2024-08-02
100,5,536,2024-08-15
100,10,499,2024-08-19
100,4,70,2024-07-26
100,10,293,2024-08-07
100,10,39,2024-08-19
100,2,525,2024-07-24
100,10,382,2024-07-31
100,4,322,2024-08-05
100,10,180,2024-08-21
100,1,29,2024-08-07
100,6,326,2024-08-09
100,2,187,2024-08-14
100,2,410,2024-08-08
